ClaimDate,ClaimYear,ClaimMonth,ClaimDay,ClaimDayOfWeek,ClaimQuarter,ClaimDayOfWeekName
1/1/19,2019,1,1,3,1,Tuesday
1/2/19,2019,1,2,4,1,Wednesday
1/3/19,2019,1,3,5,1,Thursday
1/4/19,2019,1,4,6,1,Friday
1/5/19,2019,1,5,7,1,Saturday
1/6/19,2019,1,6,1,1,Sunday
1/7/19,2019,1,7,2,1,Monday
1/8/19,2019,1,8,3,1,Tuesday
1/9/19,2019,1,9,4,1,Wednesday
1/10/19,2019,1,10,5,1,Thursday
1/11/19,2019,1,11,6,1,Friday
1/12/19,2019,1,12,7,1,Saturday
1/13/19,2019,1,13,1,1,Sunday
1/14/19,2019,1,14,2,1,Monday
1/15/19,2019,1,15,3,1,Tuesday
1/16/19,2019,1,16,4,1,Wednesday
1/17/19,2019,1,17,5,1,Thursday
1/18/19,2019,1,18,6,1,Friday
1/19/19,2019,1,19,7,1,Saturday
1/20/19,2019,1,20,1,1,Sunday
1/21/19,2019,1,21,2,1,Monday
1/22/19,2019,1,22,3,1,Tuesday
1/23/19,2019,1,23,4,1,Wednesday
1/24/19,2019,1,24,5,1,Thursday
1/25/19,2019,1,25,6,1,Friday
1/26/19,2019,1,26,7,1,Saturday
1/27/19,2019,1,27,1,1,Sunday
1/28/19,2019,1,28,2,1,Monday
1/29/19,2019,1,29,3,1,Tuesday
1/30/19,2019,1,30,4,1,Wednesday
1/31/19,2019,1,31,5,1,Thursday
2/1/19,2019,2,1,6,1,Friday
2/2/19,2019,2,2,7,1,Saturday
2/3/19,2019,2,3,1,1,Sunday
2/4/19,2019,2,4,2,1,Monday
2/5/19,2019,2,5,3,1,Tuesday
2/6/19,2019,2,6,4,1,Wednesday
2/7/19,2019,2,7,5,1,Thursday
2/8/19,2019,2,8,6,1,Friday
2/9/19,2019,2,9,7,1,Saturday
2/10/19,2019,2,10,1,1,Sunday
2/11/19,2019,2,11,2,1,Monday
2/12/19,2019,2,12,3,1,Tuesday
2/13/19,2019,2,13,4,1,Wednesday
2/14/19,2019,2,14,5,1,Thursday
2/15/19,2019,2,15,6,1,Friday
2/16/19,2019,2,16,7,1,Saturday
2/17/19,2019,2,17,1,1,Sunday
2/18/19,2019,2,18,2,1,Monday
2/19/19,2019,2,19,3,1,Tuesday
2/20/19,2019,2,20,4,1,Wednesday
2/21/19,2019,2,21,5,1,Thursday
2/22/19,2019,2,22,6,1,Friday
2/23/19,2019,2,23,7,1,Saturday
2/24/19,2019,2,24,1,1,Sunday
2/25/19,2019,2,25,2,1,Monday
2/26/19,2019,2,26,3,1,Tuesday
2/27/19,2019,2,27,4,1,Wednesday
2/28/19,2019,2,28,5,1,Thursday
3/1/19,2019,3,1,6,1,Friday
3/2/19,2019,3,2,7,1,Saturday
3/3/19,2019,3,3,1,1,Sunday
3/4/19,2019,3,4,2,1,Monday
3/5/19,2019,3,5,3,1,Tuesday
3/6/19,2019,3,6,4,1,Wednesday
3/7/19,2019,3,7,5,1,Thursday
3/8/19,2019,3,8,6,1,Friday
3/9/19,2019,3,9,7,1,Saturday
3/10/19,2019,3,10,1,1,Sunday
3/11/19,2019,3,11,2,1,Monday
3/12/19,2019,3,12,3,1,Tuesday
3/13/19,2019,3,13,4,1,Wednesday
3/14/19,2019,3,14,5,1,Thursday
3/15/19,2019,3,15,6,1,Friday
3/16/19,2019,3,16,7,1,Saturday
3/17/19,2019,3,17,1,1,Sunday
3/18/19,2019,3,18,2,1,Monday
3/19/19,2019,3,19,3,1,Tuesday
3/20/19,2019,3,20,4,1,Wednesday
3/21/19,2019,3,21,5,1,Thursday
3/22/19,2019,3,22,6,1,Friday
3/23/19,2019,3,23,7,1,Saturday
3/24/19,2019,3,24,1,1,Sunday
3/25/19,2019,3,25,2,1,Monday
3/26/19,2019,3,26,3,1,Tuesday
3/27/19,2019,3,27,4,1,Wednesday
3/28/19,2019,3,28,5,1,Thursday
3/29/19,2019,3,29,6,1,Friday
3/30/19,2019,3,30,7,1,Saturday
3/31/19,2019,3,31,1,1,Sunday
4/1/19,2019,4,1,2,2,Monday
4/2/19,2019,4,2,3,2,Tuesday
4/3/19,2019,4,3,4,2,Wednesday
4/4/19,2019,4,4,5,2,Thursday
4/5/19,2019,4,5,6,2,Friday
4/6/19,2019,4,6,7,2,Saturday
4/7/19,2019,4,7,1,2,Sunday
4/8/19,2019,4,8,2,2,Monday
4/9/19,2019,4,9,3,2,Tuesday
4/10/19,2019,4,10,4,2,Wednesday
4/11/19,2019,4,11,5,2,Thursday
4/12/19,2019,4,12,6,2,Friday
4/13/19,2019,4,13,7,2,Saturday
4/14/19,2019,4,14,1,2,Sunday
4/15/19,2019,4,15,2,2,Monday
4/16/19,2019,4,16,3,2,Tuesday
4/17/19,2019,4,17,4,2,Wednesday
4/18/19,2019,4,18,5,2,Thursday
4/19/19,2019,4,19,6,2,Friday
4/20/19,2019,4,20,7,2,Saturday
4/21/19,2019,4,21,1,2,Sunday
4/22/19,2019,4,22,2,2,Monday
4/23/19,2019,4,23,3,2,Tuesday
4/24/19,2019,4,24,4,2,Wednesday
4/25/19,2019,4,25,5,2,Thursday
4/26/19,2019,4,26,6,2,Friday
4/27/19,2019,4,27,7,2,Saturday
4/28/19,2019,4,28,1,2,Sunday
4/29/19,2019,4,29,2,2,Monday
4/30/19,2019,4,30,3,2,Tuesday
5/1/19,2019,5,1,4,2,Wednesday
5/2/19,2019,5,2,5,2,Thursday
5/3/19,2019,5,3,6,2,Friday
5/4/19,2019,5,4,7,2,Saturday
5/5/19,2019,5,5,1,2,Sunday
5/6/19,2019,5,6,2,2,Monday
5/7/19,2019,5,7,3,2,Tuesday
5/8/19,2019,5,8,4,2,Wednesday
5/9/19,2019,5,9,5,2,Thursday
5/10/19,2019,5,10,6,2,Friday
5/11/19,2019,5,11,7,2,Saturday
5/12/19,2019,5,12,1,2,Sunday
5/13/19,2019,5,13,2,2,Monday
5/14/19,2019,5,14,3,2,Tuesday
5/15/19,2019,5,15,4,2,Wednesday
5/16/19,2019,5,16,5,2,Thursday
5/17/19,2019,5,17,6,2,Friday
5/18/19,2019,5,18,7,2,Saturday
5/19/19,2019,5,19,1,2,Sunday
5/20/19,2019,5,20,2,2,Monday
5/21/19,2019,5,21,3,2,Tuesday
5/22/19,2019,5,22,4,2,Wednesday
5/23/19,2019,5,23,5,2,Thursday
5/24/19,2019,5,24,6,2,Friday
5/25/19,2019,5,25,7,2,Saturday
5/26/19,2019,5,26,1,2,Sunday
5/27/19,2019,5,27,2,2,Monday
5/28/19,2019,5,28,3,2,Tuesday
5/29/19,2019,5,29,4,2,Wednesday
5/30/19,2019,5,30,5,2,Thursday
5/31/19,2019,5,31,6,2,Friday
6/1/19,2019,6,1,7,2,Saturday
6/2/19,2019,6,2,1,2,Sunday
6/3/19,2019,6,3,2,2,Monday
6/4/19,2019,6,4,3,2,Tuesday
6/5/19,2019,6,5,4,2,Wednesday
6/6/19,2019,6,6,5,2,Thursday
6/7/19,2019,6,7,6,2,Friday
6/8/19,2019,6,8,7,2,Saturday
6/9/19,2019,6,9,1,2,Sunday
6/10/19,2019,6,10,2,2,Monday
6/11/19,2019,6,11,3,2,Tuesday
6/12/19,2019,6,12,4,2,Wednesday
6/13/19,2019,6,13,5,2,Thursday
6/14/19,2019,6,14,6,2,Friday
6/15/19,2019,6,15,7,2,Saturday
6/16/19,2019,6,16,1,2,Sunday
6/17/19,2019,6,17,2,2,Monday
6/18/19,2019,6,18,3,2,Tuesday
6/19/19,2019,6,19,4,2,Wednesday
6/20/19,2019,6,20,5,2,Thursday
6/21/19,2019,6,21,6,2,Friday
6/22/19,2019,6,22,7,2,Saturday
6/23/19,2019,6,23,1,2,Sunday
6/24/19,2019,6,24,2,2,Monday
6/25/19,2019,6,25,3,2,Tuesday
6/26/19,2019,6,26,4,2,Wednesday
6/27/19,2019,6,27,5,2,Thursday
6/28/19,2019,6,28,6,2,Friday
6/29/19,2019,6,29,7,2,Saturday
6/30/19,2019,6,30,1,2,Sunday
7/1/19,2019,7,1,2,3,Monday
7/2/19,2019,7,2,3,3,Tuesday
7/3/19,2019,7,3,4,3,Wednesday
7/4/19,2019,7,4,5,3,Thursday
7/5/19,2019,7,5,6,3,Friday
7/6/19,2019,7,6,7,3,Saturday
7/7/19,2019,7,7,1,3,Sunday
7/8/19,2019,7,8,2,3,Monday
7/9/19,2019,7,9,3,3,Tuesday
7/10/19,2019,7,10,4,3,Wednesday
7/11/19,2019,7,11,5,3,Thursday
7/12/19,2019,7,12,6,3,Friday
7/13/19,2019,7,13,7,3,Saturday
7/14/19,2019,7,14,1,3,Sunday
7/15/19,2019,7,15,2,3,Monday
7/16/19,2019,7,16,3,3,Tuesday
7/17/19,2019,7,17,4,3,Wednesday
7/18/19,2019,7,18,5,3,Thursday
7/19/19,2019,7,19,6,3,Friday
7/20/19,2019,7,20,7,3,Saturday
7/21/19,2019,7,21,1,3,Sunday
7/22/19,2019,7,22,2,3,Monday
7/23/19,2019,7,23,3,3,Tuesday
7/24/19,2019,7,24,4,3,Wednesday
7/25/19,2019,7,25,5,3,Thursday
7/26/19,2019,7,26,6,3,Friday
7/27/19,2019,7,27,7,3,Saturday
7/28/19,2019,7,28,1,3,Sunday
7/29/19,2019,7,29,2,3,Monday
7/30/19,2019,7,30,3,3,Tuesday
7/31/19,2019,7,31,4,3,Wednesday
8/1/19,2019,8,1,5,3,Thursday
8/2/19,2019,8,2,6,3,Friday
8/3/19,2019,8,3,7,3,Saturday
8/4/19,2019,8,4,1,3,Sunday
8/5/19,2019,8,5,2,3,Monday
8/6/19,2019,8,6,3,3,Tuesday
8/7/19,2019,8,7,4,3,Wednesday
8/8/19,2019,8,8,5,3,Thursday
8/9/19,2019,8,9,6,3,Friday
8/10/19,2019,8,10,7,3,Saturday
8/11/19,2019,8,11,1,3,Sunday
8/12/19,2019,8,12,2,3,Monday
8/13/19,2019,8,13,3,3,Tuesday
8/14/19,2019,8,14,4,3,Wednesday
8/15/19,2019,8,15,5,3,Thursday
8/16/19,2019,8,16,6,3,Friday
8/17/19,2019,8,17,7,3,Saturday
8/18/19,2019,8,18,1,3,Sunday
8/19/19,2019,8,19,2,3,Monday
8/20/19,2019,8,20,3,3,Tuesday
8/21/19,2019,8,21,4,3,Wednesday
8/22/19,2019,8,22,5,3,Thursday
8/23/19,2019,8,23,6,3,Friday
8/24/19,2019,8,24,7,3,Saturday
8/25/19,2019,8,25,1,3,Sunday
8/26/19,2019,8,26,2,3,Monday
8/27/19,2019,8,27,3,3,Tuesday
8/28/19,2019,8,28,4,3,Wednesday
8/29/19,2019,8,29,5,3,Thursday
8/30/19,2019,8,30,6,3,Friday
8/31/19,2019,8,31,7,3,Saturday
9/1/19,2019,9,1,1,3,Sunday
9/2/19,2019,9,2,2,3,Monday
9/3/19,2019,9,3,3,3,Tuesday
9/4/19,2019,9,4,4,3,Wednesday
9/5/19,2019,9,5,5,3,Thursday
9/6/19,2019,9,6,6,3,Friday
9/7/19,2019,9,7,7,3,Saturday
9/8/19,2019,9,8,1,3,Sunday
9/9/19,2019,9,9,2,3,Monday
9/10/19,2019,9,10,3,3,Tuesday
9/11/19,2019,9,11,4,3,Wednesday
9/12/19,2019,9,12,5,3,Thursday
9/13/19,2019,9,13,6,3,Friday
9/14/19,2019,9,14,7,3,Saturday
9/15/19,2019,9,15,1,3,Sunday
9/16/19,2019,9,16,2,3,Monday
9/17/19,2019,9,17,3,3,Tuesday
9/18/19,2019,9,18,4,3,Wednesday
9/19/19,2019,9,19,5,3,Thursday
9/20/19,2019,9,20,6,3,Friday
9/21/19,2019,9,21,7,3,Saturday
9/22/19,2019,9,22,1,3,Sunday
9/23/19,2019,9,23,2,3,Monday
9/24/19,2019,9,24,3,3,Tuesday
9/25/19,2019,9,25,4,3,Wednesday
9/26/19,2019,9,26,5,3,Thursday
9/27/19,2019,9,27,6,3,Friday
9/28/19,2019,9,28,7,3,Saturday
9/29/19,2019,9,29,1,3,Sunday
9/30/19,2019,9,30,2,3,Monday
10/1/19,2019,10,1,3,4,Tuesday
10/2/19,2019,10,2,4,4,Wednesday
10/3/19,2019,10,3,5,4,Thursday
10/4/19,2019,10,4,6,4,Friday
10/5/19,2019,10,5,7,4,Saturday
10/6/19,2019,10,6,1,4,Sunday
10/7/19,2019,10,7,2,4,Monday
10/8/19,2019,10,8,3,4,Tuesday
10/9/19,2019,10,9,4,4,Wednesday
10/10/19,2019,10,10,5,4,Thursday
10/11/19,2019,10,11,6,4,Friday
10/12/19,2019,10,12,7,4,Saturday
10/13/19,2019,10,13,1,4,Sunday
10/14/19,2019,10,14,2,4,Monday
10/15/19,2019,10,15,3,4,Tuesday
10/16/19,2019,10,16,4,4,Wednesday
10/17/19,2019,10,17,5,4,Thursday
10/18/19,2019,10,18,6,4,Friday
10/19/19,2019,10,19,7,4,Saturday
10/20/19,2019,10,20,1,4,Sunday
10/21/19,2019,10,21,2,4,Monday
10/22/19,2019,10,22,3,4,Tuesday
10/23/19,2019,10,23,4,4,Wednesday
10/24/19,2019,10,24,5,4,Thursday
10/25/19,2019,10,25,6,4,Friday
10/26/19,2019,10,26,7,4,Saturday
10/27/19,2019,10,27,1,4,Sunday
10/28/19,2019,10,28,2,4,Monday
10/29/19,2019,10,29,3,4,Tuesday
10/30/19,2019,10,30,4,4,Wednesday
10/31/19,2019,10,31,5,4,Thursday
11/1/19,2019,11,1,6,4,Friday
11/2/19,2019,11,2,7,4,Saturday
11/3/19,2019,11,3,1,4,Sunday
11/4/19,2019,11,4,2,4,Monday
11/5/19,2019,11,5,3,4,Tuesday
11/6/19,2019,11,6,4,4,Wednesday
11/7/19,2019,11,7,5,4,Thursday
11/8/19,2019,11,8,6,4,Friday
11/9/19,2019,11,9,7,4,Saturday
11/10/19,2019,11,10,1,4,Sunday
11/11/19,2019,11,11,2,4,Monday
11/12/19,2019,11,12,3,4,Tuesday
11/13/19,2019,11,13,4,4,Wednesday
11/14/19,2019,11,14,5,4,Thursday
11/15/19,2019,11,15,6,4,Friday
11/16/19,2019,11,16,7,4,Saturday
11/17/19,2019,11,17,1,4,Sunday
11/18/19,2019,11,18,2,4,Monday
11/19/19,2019,11,19,3,4,Tuesday
11/20/19,2019,11,20,4,4,Wednesday
11/21/19,2019,11,21,5,4,Thursday
11/22/19,2019,11,22,6,4,Friday
11/23/19,2019,11,23,7,4,Saturday
11/24/19,2019,11,24,1,4,Sunday
11/25/19,2019,11,25,2,4,Monday
11/26/19,2019,11,26,3,4,Tuesday
11/27/19,2019,11,27,4,4,Wednesday
11/28/19,2019,11,28,5,4,Thursday
11/29/19,2019,11,29,6,4,Friday
11/30/19,2019,11,30,7,4,Saturday
12/1/19,2019,12,1,1,4,Sunday
12/2/19,2019,12,2,2,4,Monday
12/3/19,2019,12,3,3,4,Tuesday
12/4/19,2019,12,4,4,4,Wednesday
12/5/19,2019,12,5,5,4,Thursday
12/6/19,2019,12,6,6,4,Friday
12/7/19,2019,12,7,7,4,Saturday
12/8/19,2019,12,8,1,4,Sunday
12/9/19,2019,12,9,2,4,Monday
12/10/19,2019,12,10,3,4,Tuesday
12/11/19,2019,12,11,4,4,Wednesday
12/12/19,2019,12,12,5,4,Thursday
12/13/19,2019,12,13,6,4,Friday
12/14/19,2019,12,14,7,4,Saturday
12/15/19,2019,12,15,1,4,Sunday
12/16/19,2019,12,16,2,4,Monday
12/17/19,2019,12,17,3,4,Tuesday
12/18/19,2019,12,18,4,4,Wednesday
12/19/19,2019,12,19,5,4,Thursday
12/20/19,2019,12,20,6,4,Friday
12/21/19,2019,12,21,7,4,Saturday
12/22/19,2019,12,22,1,4,Sunday
12/23/19,2019,12,23,2,4,Monday
12/24/19,2019,12,24,3,4,Tuesday
12/25/19,2019,12,25,4,4,Wednesday
12/26/19,2019,12,26,5,4,Thursday
12/27/19,2019,12,27,6,4,Friday
12/28/19,2019,12,28,7,4,Saturday
12/29/19,2019,12,29,1,4,Sunday
12/30/19,2019,12,30,2,4,Monday
12/31/19,2019,12,31,3,4,Tuesday
1/1/20,2020,1,1,4,1,Wednesday
1/2/20,2020,1,2,5,1,Thursday
1/3/20,2020,1,3,6,1,Friday
1/4/20,2020,1,4,7,1,Saturday
1/5/20,2020,1,5,1,1,Sunday
1/6/20,2020,1,6,2,1,Monday
1/7/20,2020,1,7,3,1,Tuesday
1/8/20,2020,1,8,4,1,Wednesday
1/9/20,2020,1,9,5,1,Thursday
1/10/20,2020,1,10,6,1,Friday
1/11/20,2020,1,11,7,1,Saturday
1/12/20,2020,1,12,1,1,Sunday
1/13/20,2020,1,13,2,1,Monday
1/14/20,2020,1,14,3,1,Tuesday
1/15/20,2020,1,15,4,1,Wednesday
1/16/20,2020,1,16,5,1,Thursday
1/17/20,2020,1,17,6,1,Friday
1/18/20,2020,1,18,7,1,Saturday
1/19/20,2020,1,19,1,1,Sunday
1/20/20,2020,1,20,2,1,Monday
1/21/20,2020,1,21,3,1,Tuesday
1/22/20,2020,1,22,4,1,Wednesday
1/23/20,2020,1,23,5,1,Thursday
1/24/20,2020,1,24,6,1,Friday
1/25/20,2020,1,25,7,1,Saturday
1/26/20,2020,1,26,1,1,Sunday
1/27/20,2020,1,27,2,1,Monday
1/28/20,2020,1,28,3,1,Tuesday
1/29/20,2020,1,29,4,1,Wednesday
1/30/20,2020,1,30,5,1,Thursday
1/31/20,2020,1,31,6,1,Friday
2/1/20,2020,2,1,7,1,Saturday
2/2/20,2020,2,2,1,1,Sunday
2/3/20,2020,2,3,2,1,Monday
2/4/20,2020,2,4,3,1,Tuesday
2/5/20,2020,2,5,4,1,Wednesday
2/6/20,2020,2,6,5,1,Thursday
2/7/20,2020,2,7,6,1,Friday
2/8/20,2020,2,8,7,1,Saturday
2/9/20,2020,2,9,1,1,Sunday
2/10/20,2020,2,10,2,1,Monday
2/11/20,2020,2,11,3,1,Tuesday
2/12/20,2020,2,12,4,1,Wednesday
2/13/20,2020,2,13,5,1,Thursday
2/14/20,2020,2,14,6,1,Friday
2/15/20,2020,2,15,7,1,Saturday
2/16/20,2020,2,16,1,1,Sunday
2/17/20,2020,2,17,2,1,Monday
2/18/20,2020,2,18,3,1,Tuesday
2/19/20,2020,2,19,4,1,Wednesday
2/20/20,2020,2,20,5,1,Thursday
2/21/20,2020,2,21,6,1,Friday
2/22/20,2020,2,22,7,1,Saturday
2/23/20,2020,2,23,1,1,Sunday
2/24/20,2020,2,24,2,1,Monday
2/25/20,2020,2,25,3,1,Tuesday
2/26/20,2020,2,26,4,1,Wednesday
2/27/20,2020,2,27,5,1,Thursday
2/28/20,2020,2,28,6,1,Friday
2/29/20,2020,2,29,7,1,Saturday
3/1/20,2020,3,1,1,1,Sunday
3/2/20,2020,3,2,2,1,Monday
3/3/20,2020,3,3,3,1,Tuesday
3/4/20,2020,3,4,4,1,Wednesday
3/5/20,2020,3,5,5,1,Thursday
3/6/20,2020,3,6,6,1,Friday
3/7/20,2020,3,7,7,1,Saturday
3/8/20,2020,3,8,1,1,Sunday
3/9/20,2020,3,9,2,1,Monday
3/10/20,2020,3,10,3,1,Tuesday
3/11/20,2020,3,11,4,1,Wednesday
3/12/20,2020,3,12,5,1,Thursday
3/13/20,2020,3,13,6,1,Friday
3/14/20,2020,3,14,7,1,Saturday
3/15/20,2020,3,15,1,1,Sunday
3/16/20,2020,3,16,2,1,Monday
3/17/20,2020,3,17,3,1,Tuesday
3/18/20,2020,3,18,4,1,Wednesday
3/19/20,2020,3,19,5,1,Thursday
3/20/20,2020,3,20,6,1,Friday
3/21/20,2020,3,21,7,1,Saturday
3/22/20,2020,3,22,1,1,Sunday
3/23/20,2020,3,23,2,1,Monday
3/24/20,2020,3,24,3,1,Tuesday
3/25/20,2020,3,25,4,1,Wednesday
3/26/20,2020,3,26,5,1,Thursday
3/27/20,2020,3,27,6,1,Friday
3/28/20,2020,3,28,7,1,Saturday
3/29/20,2020,3,29,1,1,Sunday
3/30/20,2020,3,30,2,1,Monday
3/31/20,2020,3,31,3,1,Tuesday
4/1/20,2020,4,1,4,2,Wednesday
4/2/20,2020,4,2,5,2,Thursday
4/3/20,2020,4,3,6,2,Friday
4/4/20,2020,4,4,7,2,Saturday
4/5/20,2020,4,5,1,2,Sunday
4/6/20,2020,4,6,2,2,Monday
4/7/20,2020,4,7,3,2,Tuesday
4/8/20,2020,4,8,4,2,Wednesday
4/9/20,2020,4,9,5,2,Thursday
4/10/20,2020,4,10,6,2,Friday
4/11/20,2020,4,11,7,2,Saturday
4/12/20,2020,4,12,1,2,Sunday
4/13/20,2020,4,13,2,2,Monday
4/14/20,2020,4,14,3,2,Tuesday
4/15/20,2020,4,15,4,2,Wednesday
4/16/20,2020,4,16,5,2,Thursday
4/17/20,2020,4,17,6,2,Friday
4/18/20,2020,4,18,7,2,Saturday
4/19/20,2020,4,19,1,2,Sunday
4/20/20,2020,4,20,2,2,Monday
4/21/20,2020,4,21,3,2,Tuesday
4/22/20,2020,4,22,4,2,Wednesday
4/23/20,2020,4,23,5,2,Thursday
4/24/20,2020,4,24,6,2,Friday
4/25/20,2020,4,25,7,2,Saturday
4/26/20,2020,4,26,1,2,Sunday
4/27/20,2020,4,27,2,2,Monday
4/28/20,2020,4,28,3,2,Tuesday
4/29/20,2020,4,29,4,2,Wednesday
4/30/20,2020,4,30,5,2,Thursday
5/1/20,2020,5,1,6,2,Friday
5/2/20,2020,5,2,7,2,Saturday
5/3/20,2020,5,3,1,2,Sunday
5/4/20,2020,5,4,2,2,Monday
5/5/20,2020,5,5,3,2,Tuesday
5/6/20,2020,5,6,4,2,Wednesday
5/7/20,2020,5,7,5,2,Thursday
5/8/20,2020,5,8,6,2,Friday
5/9/20,2020,5,9,7,2,Saturday
5/10/20,2020,5,10,1,2,Sunday
5/11/20,2020,5,11,2,2,Monday
5/12/20,2020,5,12,3,2,Tuesday
5/13/20,2020,5,13,4,2,Wednesday
5/14/20,2020,5,14,5,2,Thursday
5/15/20,2020,5,15,6,2,Friday
5/16/20,2020,5,16,7,2,Saturday
5/17/20,2020,5,17,1,2,Sunday
5/18/20,2020,5,18,2,2,Monday
5/19/20,2020,5,19,3,2,Tuesday
5/20/20,2020,5,20,4,2,Wednesday
5/21/20,2020,5,21,5,2,Thursday
5/22/20,2020,5,22,6,2,Friday
5/23/20,2020,5,23,7,2,Saturday
5/24/20,2020,5,24,1,2,Sunday
5/25/20,2020,5,25,2,2,Monday
5/26/20,2020,5,26,3,2,Tuesday
5/27/20,2020,5,27,4,2,Wednesday
5/28/20,2020,5,28,5,2,Thursday
5/29/20,2020,5,29,6,2,Friday
5/30/20,2020,5,30,7,2,Saturday
5/31/20,2020,5,31,1,2,Sunday
6/1/20,2020,6,1,2,2,Monday
6/2/20,2020,6,2,3,2,Tuesday
6/3/20,2020,6,3,4,2,Wednesday
6/4/20,2020,6,4,5,2,Thursday
6/5/20,2020,6,5,6,2,Friday
6/6/20,2020,6,6,7,2,Saturday
6/7/20,2020,6,7,1,2,Sunday
6/8/20,2020,6,8,2,2,Monday
6/9/20,2020,6,9,3,2,Tuesday
6/10/20,2020,6,10,4,2,Wednesday
6/11/20,2020,6,11,5,2,Thursday
6/12/20,2020,6,12,6,2,Friday
6/13/20,2020,6,13,7,2,Saturday
6/14/20,2020,6,14,1,2,Sunday
6/15/20,2020,6,15,2,2,Monday
6/16/20,2020,6,16,3,2,Tuesday
6/17/20,2020,6,17,4,2,Wednesday
6/18/20,2020,6,18,5,2,Thursday
6/19/20,2020,6,19,6,2,Friday
6/20/20,2020,6,20,7,2,Saturday
6/21/20,2020,6,21,1,2,Sunday
6/22/20,2020,6,22,2,2,Monday
6/23/20,2020,6,23,3,2,Tuesday
6/24/20,2020,6,24,4,2,Wednesday
6/25/20,2020,6,25,5,2,Thursday
6/26/20,2020,6,26,6,2,Friday
6/27/20,2020,6,27,7,2,Saturday
6/28/20,2020,6,28,1,2,Sunday
6/29/20,2020,6,29,2,2,Monday
6/30/20,2020,6,30,3,2,Tuesday
7/1/20,2020,7,1,4,3,Wednesday
7/2/20,2020,7,2,5,3,Thursday
7/3/20,2020,7,3,6,3,Friday
7/4/20,2020,7,4,7,3,Saturday
7/5/20,2020,7,5,1,3,Sunday
7/6/20,2020,7,6,2,3,Monday
7/7/20,2020,7,7,3,3,Tuesday
7/8/20,2020,7,8,4,3,Wednesday
7/9/20,2020,7,9,5,3,Thursday
7/10/20,2020,7,10,6,3,Friday
7/11/20,2020,7,11,7,3,Saturday
7/12/20,2020,7,12,1,3,Sunday
7/13/20,2020,7,13,2,3,Monday
7/14/20,2020,7,14,3,3,Tuesday
7/15/20,2020,7,15,4,3,Wednesday
7/16/20,2020,7,16,5,3,Thursday
7/17/20,2020,7,17,6,3,Friday
7/18/20,2020,7,18,7,3,Saturday
7/19/20,2020,7,19,1,3,Sunday
7/20/20,2020,7,20,2,3,Monday
7/21/20,2020,7,21,3,3,Tuesday
7/22/20,2020,7,22,4,3,Wednesday
7/23/20,2020,7,23,5,3,Thursday
7/24/20,2020,7,24,6,3,Friday
7/25/20,2020,7,25,7,3,Saturday
7/26/20,2020,7,26,1,3,Sunday
7/27/20,2020,7,27,2,3,Monday
7/28/20,2020,7,28,3,3,Tuesday
7/29/20,2020,7,29,4,3,Wednesday
7/30/20,2020,7,30,5,3,Thursday
7/31/20,2020,7,31,6,3,Friday
8/1/20,2020,8,1,7,3,Saturday
8/2/20,2020,8,2,1,3,Sunday
8/3/20,2020,8,3,2,3,Monday
8/4/20,2020,8,4,3,3,Tuesday
8/5/20,2020,8,5,4,3,Wednesday
8/6/20,2020,8,6,5,3,Thursday
8/7/20,2020,8,7,6,3,Friday
8/8/20,2020,8,8,7,3,Saturday
8/9/20,2020,8,9,1,3,Sunday
8/10/20,2020,8,10,2,3,Monday
8/11/20,2020,8,11,3,3,Tuesday
8/12/20,2020,8,12,4,3,Wednesday
8/13/20,2020,8,13,5,3,Thursday
8/14/20,2020,8,14,6,3,Friday
8/15/20,2020,8,15,7,3,Saturday
8/16/20,2020,8,16,1,3,Sunday
8/17/20,2020,8,17,2,3,Monday
8/18/20,2020,8,18,3,3,Tuesday
8/19/20,2020,8,19,4,3,Wednesday
8/20/20,2020,8,20,5,3,Thursday
8/21/20,2020,8,21,6,3,Friday
8/22/20,2020,8,22,7,3,Saturday
8/23/20,2020,8,23,1,3,Sunday
8/24/20,2020,8,24,2,3,Monday
8/25/20,2020,8,25,3,3,Tuesday
8/26/20,2020,8,26,4,3,Wednesday
8/27/20,2020,8,27,5,3,Thursday
8/28/20,2020,8,28,6,3,Friday
8/29/20,2020,8,29,7,3,Saturday
8/30/20,2020,8,30,1,3,Sunday
8/31/20,2020,8,31,2,3,Monday
9/1/20,2020,9,1,3,3,Tuesday
9/2/20,2020,9,2,4,3,Wednesday
9/3/20,2020,9,3,5,3,Thursday
9/4/20,2020,9,4,6,3,Friday
9/5/20,2020,9,5,7,3,Saturday
9/6/20,2020,9,6,1,3,Sunday
9/7/20,2020,9,7,2,3,Monday
9/8/20,2020,9,8,3,3,Tuesday
9/9/20,2020,9,9,4,3,Wednesday
9/10/20,2020,9,10,5,3,Thursday
9/11/20,2020,9,11,6,3,Friday
9/12/20,2020,9,12,7,3,Saturday
9/13/20,2020,9,13,1,3,Sunday
9/14/20,2020,9,14,2,3,Monday
9/15/20,2020,9,15,3,3,Tuesday
9/16/20,2020,9,16,4,3,Wednesday
9/17/20,2020,9,17,5,3,Thursday
9/18/20,2020,9,18,6,3,Friday
9/19/20,2020,9,19,7,3,Saturday
9/20/20,2020,9,20,1,3,Sunday
9/21/20,2020,9,21,2,3,Monday
9/22/20,2020,9,22,3,3,Tuesday
9/23/20,2020,9,23,4,3,Wednesday
9/24/20,2020,9,24,5,3,Thursday
9/25/20,2020,9,25,6,3,Friday
9/26/20,2020,9,26,7,3,Saturday
9/27/20,2020,9,27,1,3,Sunday
9/28/20,2020,9,28,2,3,Monday
9/29/20,2020,9,29,3,3,Tuesday
9/30/20,2020,9,30,4,3,Wednesday
10/1/20,2020,10,1,5,4,Thursday
10/2/20,2020,10,2,6,4,Friday
10/3/20,2020,10,3,7,4,Saturday
10/4/20,2020,10,4,1,4,Sunday
10/5/20,2020,10,5,2,4,Monday
10/6/20,2020,10,6,3,4,Tuesday
10/7/20,2020,10,7,4,4,Wednesday
10/8/20,2020,10,8,5,4,Thursday
10/9/20,2020,10,9,6,4,Friday
10/10/20,2020,10,10,7,4,Saturday
10/11/20,2020,10,11,1,4,Sunday
10/12/20,2020,10,12,2,4,Monday
10/13/20,2020,10,13,3,4,Tuesday
10/14/20,2020,10,14,4,4,Wednesday
10/15/20,2020,10,15,5,4,Thursday
10/16/20,2020,10,16,6,4,Friday
10/17/20,2020,10,17,7,4,Saturday
10/18/20,2020,10,18,1,4,Sunday
10/19/20,2020,10,19,2,4,Monday
10/20/20,2020,10,20,3,4,Tuesday
10/21/20,2020,10,21,4,4,Wednesday
10/22/20,2020,10,22,5,4,Thursday
10/23/20,2020,10,23,6,4,Friday
10/24/20,2020,10,24,7,4,Saturday
10/25/20,2020,10,25,1,4,Sunday
10/26/20,2020,10,26,2,4,Monday
10/27/20,2020,10,27,3,4,Tuesday
10/28/20,2020,10,28,4,4,Wednesday
10/29/20,2020,10,29,5,4,Thursday
10/30/20,2020,10,30,6,4,Friday
10/31/20,2020,10,31,7,4,Saturday
11/1/20,2020,11,1,1,4,Sunday
11/2/20,2020,11,2,2,4,Monday
11/3/20,2020,11,3,3,4,Tuesday
11/4/20,2020,11,4,4,4,Wednesday
11/5/20,2020,11,5,5,4,Thursday
11/6/20,2020,11,6,6,4,Friday
11/7/20,2020,11,7,7,4,Saturday
11/8/20,2020,11,8,1,4,Sunday
11/9/20,2020,11,9,2,4,Monday
11/10/20,2020,11,10,3,4,Tuesday
11/11/20,2020,11,11,4,4,Wednesday
11/12/20,2020,11,12,5,4,Thursday
11/13/20,2020,11,13,6,4,Friday
11/14/20,2020,11,14,7,4,Saturday
11/15/20,2020,11,15,1,4,Sunday
11/16/20,2020,11,16,2,4,Monday
11/17/20,2020,11,17,3,4,Tuesday
11/18/20,2020,11,18,4,4,Wednesday
11/19/20,2020,11,19,5,4,Thursday
11/20/20,2020,11,20,6,4,Friday
11/21/20,2020,11,21,7,4,Saturday
11/22/20,2020,11,22,1,4,Sunday
11/23/20,2020,11,23,2,4,Monday
11/24/20,2020,11,24,3,4,Tuesday
11/25/20,2020,11,25,4,4,Wednesday
11/26/20,2020,11,26,5,4,Thursday
11/27/20,2020,11,27,6,4,Friday
11/28/20,2020,11,28,7,4,Saturday
11/29/20,2020,11,29,1,4,Sunday
11/30/20,2020,11,30,2,4,Monday
12/1/20,2020,12,1,3,4,Tuesday
12/2/20,2020,12,2,4,4,Wednesday
12/3/20,2020,12,3,5,4,Thursday
12/4/20,2020,12,4,6,4,Friday
12/5/20,2020,12,5,7,4,Saturday
12/6/20,2020,12,6,1,4,Sunday
12/7/20,2020,12,7,2,4,Monday
12/8/20,2020,12,8,3,4,Tuesday
12/9/20,2020,12,9,4,4,Wednesday
12/10/20,2020,12,10,5,4,Thursday
12/11/20,2020,12,11,6,4,Friday
12/12/20,2020,12,12,7,4,Saturday
12/13/20,2020,12,13,1,4,Sunday
12/14/20,2020,12,14,2,4,Monday
12/15/20,2020,12,15,3,4,Tuesday
12/16/20,2020,12,16,4,4,Wednesday
12/17/20,2020,12,17,5,4,Thursday
12/18/20,2020,12,18,6,4,Friday
12/19/20,2020,12,19,7,4,Saturday
12/20/20,2020,12,20,1,4,Sunday
12/21/20,2020,12,21,2,4,Monday
12/22/20,2020,12,22,3,4,Tuesday
12/23/20,2020,12,23,4,4,Wednesday
12/24/20,2020,12,24,5,4,Thursday
12/25/20,2020,12,25,6,4,Friday
12/26/20,2020,12,26,7,4,Saturday
12/27/20,2020,12,27,1,4,Sunday
12/28/20,2020,12,28,2,4,Monday
12/29/20,2020,12,29,3,4,Tuesday
12/30/20,2020,12,30,4,4,Wednesday
12/31/20,2020,12,31,5,4,Thursday
1/1/21,2021,1,1,6,1,Friday
1/2/21,2021,1,2,7,1,Saturday
1/3/21,2021,1,3,1,1,Sunday
1/4/21,2021,1,4,2,1,Monday
1/5/21,2021,1,5,3,1,Tuesday
1/6/21,2021,1,6,4,1,Wednesday
1/7/21,2021,1,7,5,1,Thursday
1/8/21,2021,1,8,6,1,Friday
1/9/21,2021,1,9,7,1,Saturday
1/10/21,2021,1,10,1,1,Sunday
1/11/21,2021,1,11,2,1,Monday
1/12/21,2021,1,12,3,1,Tuesday
1/13/21,2021,1,13,4,1,Wednesday
1/14/21,2021,1,14,5,1,Thursday
1/15/21,2021,1,15,6,1,Friday
1/16/21,2021,1,16,7,1,Saturday
1/17/21,2021,1,17,1,1,Sunday
1/18/21,2021,1,18,2,1,Monday
1/19/21,2021,1,19,3,1,Tuesday
1/20/21,2021,1,20,4,1,Wednesday
1/21/21,2021,1,21,5,1,Thursday
1/22/21,2021,1,22,6,1,Friday
1/23/21,2021,1,23,7,1,Saturday
1/24/21,2021,1,24,1,1,Sunday
1/25/21,2021,1,25,2,1,Monday
1/26/21,2021,1,26,3,1,Tuesday
1/27/21,2021,1,27,4,1,Wednesday
1/28/21,2021,1,28,5,1,Thursday
1/29/21,2021,1,29,6,1,Friday
1/30/21,2021,1,30,7,1,Saturday
1/31/21,2021,1,31,1,1,Sunday
2/1/21,2021,2,1,2,1,Monday
2/2/21,2021,2,2,3,1,Tuesday
2/3/21,2021,2,3,4,1,Wednesday
2/4/21,2021,2,4,5,1,Thursday
2/5/21,2021,2,5,6,1,Friday
2/6/21,2021,2,6,7,1,Saturday
2/7/21,2021,2,7,1,1,Sunday
2/8/21,2021,2,8,2,1,Monday
2/9/21,2021,2,9,3,1,Tuesday
2/10/21,2021,2,10,4,1,Wednesday
2/11/21,2021,2,11,5,1,Thursday
2/12/21,2021,2,12,6,1,Friday
2/13/21,2021,2,13,7,1,Saturday
2/14/21,2021,2,14,1,1,Sunday
2/15/21,2021,2,15,2,1,Monday
2/16/21,2021,2,16,3,1,Tuesday
2/17/21,2021,2,17,4,1,Wednesday
2/18/21,2021,2,18,5,1,Thursday
2/19/21,2021,2,19,6,1,Friday
2/20/21,2021,2,20,7,1,Saturday
2/21/21,2021,2,21,1,1,Sunday
2/22/21,2021,2,22,2,1,Monday
2/23/21,2021,2,23,3,1,Tuesday
2/24/21,2021,2,24,4,1,Wednesday
2/25/21,2021,2,25,5,1,Thursday
2/26/21,2021,2,26,6,1,Friday
2/27/21,2021,2,27,7,1,Saturday
2/28/21,2021,2,28,1,1,Sunday
3/1/21,2021,3,1,2,1,Monday
3/2/21,2021,3,2,3,1,Tuesday
3/3/21,2021,3,3,4,1,Wednesday
3/4/21,2021,3,4,5,1,Thursday
3/5/21,2021,3,5,6,1,Friday
3/6/21,2021,3,6,7,1,Saturday
3/7/21,2021,3,7,1,1,Sunday
3/8/21,2021,3,8,2,1,Monday
3/9/21,2021,3,9,3,1,Tuesday
3/10/21,2021,3,10,4,1,Wednesday
3/11/21,2021,3,11,5,1,Thursday
3/12/21,2021,3,12,6,1,Friday
3/13/21,2021,3,13,7,1,Saturday
3/14/21,2021,3,14,1,1,Sunday
3/15/21,2021,3,15,2,1,Monday
3/16/21,2021,3,16,3,1,Tuesday
3/17/21,2021,3,17,4,1,Wednesday
3/18/21,2021,3,18,5,1,Thursday
3/19/21,2021,3,19,6,1,Friday
3/20/21,2021,3,20,7,1,Saturday
3/21/21,2021,3,21,1,1,Sunday
3/22/21,2021,3,22,2,1,Monday
3/23/21,2021,3,23,3,1,Tuesday
3/24/21,2021,3,24,4,1,Wednesday
3/25/21,2021,3,25,5,1,Thursday
3/26/21,2021,3,26,6,1,Friday
3/27/21,2021,3,27,7,1,Saturday
3/28/21,2021,3,28,1,1,Sunday
3/29/21,2021,3,29,2,1,Monday
3/30/21,2021,3,30,3,1,Tuesday
3/31/21,2021,3,31,4,1,Wednesday
4/1/21,2021,4,1,5,2,Thursday
4/2/21,2021,4,2,6,2,Friday
4/3/21,2021,4,3,7,2,Saturday
4/4/21,2021,4,4,1,2,Sunday
4/5/21,2021,4,5,2,2,Monday
4/6/21,2021,4,6,3,2,Tuesday
4/7/21,2021,4,7,4,2,Wednesday
4/8/21,2021,4,8,5,2,Thursday
4/9/21,2021,4,9,6,2,Friday
4/10/21,2021,4,10,7,2,Saturday
4/11/21,2021,4,11,1,2,Sunday
4/12/21,2021,4,12,2,2,Monday
4/13/21,2021,4,13,3,2,Tuesday
4/14/21,2021,4,14,4,2,Wednesday
4/15/21,2021,4,15,5,2,Thursday
4/16/21,2021,4,16,6,2,Friday
4/17/21,2021,4,17,7,2,Saturday
4/18/21,2021,4,18,1,2,Sunday
4/19/21,2021,4,19,2,2,Monday
4/20/21,2021,4,20,3,2,Tuesday
4/21/21,2021,4,21,4,2,Wednesday
4/22/21,2021,4,22,5,2,Thursday
4/23/21,2021,4,23,6,2,Friday
4/24/21,2021,4,24,7,2,Saturday
4/25/21,2021,4,25,1,2,Sunday
4/26/21,2021,4,26,2,2,Monday
4/27/21,2021,4,27,3,2,Tuesday
4/28/21,2021,4,28,4,2,Wednesday
4/29/21,2021,4,29,5,2,Thursday
4/30/21,2021,4,30,6,2,Friday
5/1/21,2021,5,1,7,2,Saturday
5/2/21,2021,5,2,1,2,Sunday
5/3/21,2021,5,3,2,2,Monday
5/4/21,2021,5,4,3,2,Tuesday
5/5/21,2021,5,5,4,2,Wednesday
5/6/21,2021,5,6,5,2,Thursday
5/7/21,2021,5,7,6,2,Friday
5/8/21,2021,5,8,7,2,Saturday
5/9/21,2021,5,9,1,2,Sunday
5/10/21,2021,5,10,2,2,Monday
5/11/21,2021,5,11,3,2,Tuesday
5/12/21,2021,5,12,4,2,Wednesday
5/13/21,2021,5,13,5,2,Thursday
5/14/21,2021,5,14,6,2,Friday
5/15/21,2021,5,15,7,2,Saturday
5/16/21,2021,5,16,1,2,Sunday
5/17/21,2021,5,17,2,2,Monday
5/18/21,2021,5,18,3,2,Tuesday
5/19/21,2021,5,19,4,2,Wednesday
5/20/21,2021,5,20,5,2,Thursday
5/21/21,2021,5,21,6,2,Friday
5/22/21,2021,5,22,7,2,Saturday
5/23/21,2021,5,23,1,2,Sunday
5/24/21,2021,5,24,2,2,Monday
5/25/21,2021,5,25,3,2,Tuesday
5/26/21,2021,5,26,4,2,Wednesday
5/27/21,2021,5,27,5,2,Thursday
5/28/21,2021,5,28,6,2,Friday
5/29/21,2021,5,29,7,2,Saturday
5/30/21,2021,5,30,1,2,Sunday
5/31/21,2021,5,31,2,2,Monday
6/1/21,2021,6,1,3,2,Tuesday
6/2/21,2021,6,2,4,2,Wednesday
6/3/21,2021,6,3,5,2,Thursday
6/4/21,2021,6,4,6,2,Friday
6/5/21,2021,6,5,7,2,Saturday
6/6/21,2021,6,6,1,2,Sunday
6/7/21,2021,6,7,2,2,Monday
6/8/21,2021,6,8,3,2,Tuesday
6/9/21,2021,6,9,4,2,Wednesday
6/10/21,2021,6,10,5,2,Thursday
6/11/21,2021,6,11,6,2,Friday
6/12/21,2021,6,12,7,2,Saturday
6/13/21,2021,6,13,1,2,Sunday
6/14/21,2021,6,14,2,2,Monday
6/15/21,2021,6,15,3,2,Tuesday
6/16/21,2021,6,16,4,2,Wednesday
6/17/21,2021,6,17,5,2,Thursday
6/18/21,2021,6,18,6,2,Friday
6/19/21,2021,6,19,7,2,Saturday
6/20/21,2021,6,20,1,2,Sunday
6/21/21,2021,6,21,2,2,Monday
6/22/21,2021,6,22,3,2,Tuesday
6/23/21,2021,6,23,4,2,Wednesday
6/24/21,2021,6,24,5,2,Thursday
6/25/21,2021,6,25,6,2,Friday
6/26/21,2021,6,26,7,2,Saturday
6/27/21,2021,6,27,1,2,Sunday
6/28/21,2021,6,28,2,2,Monday
6/29/21,2021,6,29,3,2,Tuesday
6/30/21,2021,6,30,4,2,Wednesday
7/1/21,2021,7,1,5,3,Thursday
7/2/21,2021,7,2,6,3,Friday
7/3/21,2021,7,3,7,3,Saturday
7/4/21,2021,7,4,1,3,Sunday
7/5/21,2021,7,5,2,3,Monday
7/6/21,2021,7,6,3,3,Tuesday
7/7/21,2021,7,7,4,3,Wednesday
7/8/21,2021,7,8,5,3,Thursday
7/9/21,2021,7,9,6,3,Friday
7/10/21,2021,7,10,7,3,Saturday
7/11/21,2021,7,11,1,3,Sunday
7/12/21,2021,7,12,2,3,Monday
7/13/21,2021,7,13,3,3,Tuesday
7/14/21,2021,7,14,4,3,Wednesday
7/15/21,2021,7,15,5,3,Thursday
7/16/21,2021,7,16,6,3,Friday
7/17/21,2021,7,17,7,3,Saturday
7/18/21,2021,7,18,1,3,Sunday
7/19/21,2021,7,19,2,3,Monday
7/20/21,2021,7,20,3,3,Tuesday
7/21/21,2021,7,21,4,3,Wednesday
7/22/21,2021,7,22,5,3,Thursday
7/23/21,2021,7,23,6,3,Friday
7/24/21,2021,7,24,7,3,Saturday
7/25/21,2021,7,25,1,3,Sunday
7/26/21,2021,7,26,2,3,Monday
7/27/21,2021,7,27,3,3,Tuesday
7/28/21,2021,7,28,4,3,Wednesday
7/29/21,2021,7,29,5,3,Thursday
7/30/21,2021,7,30,6,3,Friday
7/31/21,2021,7,31,7,3,Saturday
8/1/21,2021,8,1,1,3,Sunday
8/2/21,2021,8,2,2,3,Monday
8/3/21,2021,8,3,3,3,Tuesday
8/4/21,2021,8,4,4,3,Wednesday
8/5/21,2021,8,5,5,3,Thursday
8/6/21,2021,8,6,6,3,Friday
8/7/21,2021,8,7,7,3,Saturday
8/8/21,2021,8,8,1,3,Sunday
8/9/21,2021,8,9,2,3,Monday
8/10/21,2021,8,10,3,3,Tuesday
8/11/21,2021,8,11,4,3,Wednesday
8/12/21,2021,8,12,5,3,Thursday
8/13/21,2021,8,13,6,3,Friday
8/14/21,2021,8,14,7,3,Saturday
8/15/21,2021,8,15,1,3,Sunday
8/16/21,2021,8,16,2,3,Monday
8/17/21,2021,8,17,3,3,Tuesday
8/18/21,2021,8,18,4,3,Wednesday
8/19/21,2021,8,19,5,3,Thursday
8/20/21,2021,8,20,6,3,Friday
8/21/21,2021,8,21,7,3,Saturday
8/22/21,2021,8,22,1,3,Sunday
8/23/21,2021,8,23,2,3,Monday
8/24/21,2021,8,24,3,3,Tuesday
8/25/21,2021,8,25,4,3,Wednesday
8/26/21,2021,8,26,5,3,Thursday
8/27/21,2021,8,27,6,3,Friday
8/28/21,2021,8,28,7,3,Saturday
8/29/21,2021,8,29,1,3,Sunday
8/30/21,2021,8,30,2,3,Monday
8/31/21,2021,8,31,3,3,Tuesday
9/1/21,2021,9,1,4,3,Wednesday
9/2/21,2021,9,2,5,3,Thursday
9/3/21,2021,9,3,6,3,Friday
9/4/21,2021,9,4,7,3,Saturday
9/5/21,2021,9,5,1,3,Sunday
9/6/21,2021,9,6,2,3,Monday
9/7/21,2021,9,7,3,3,Tuesday
9/8/21,2021,9,8,4,3,Wednesday
9/9/21,2021,9,9,5,3,Thursday
9/10/21,2021,9,10,6,3,Friday
9/11/21,2021,9,11,7,3,Saturday
9/12/21,2021,9,12,1,3,Sunday
9/13/21,2021,9,13,2,3,Monday
9/14/21,2021,9,14,3,3,Tuesday
9/15/21,2021,9,15,4,3,Wednesday
9/16/21,2021,9,16,5,3,Thursday
9/17/21,2021,9,17,6,3,Friday
9/18/21,2021,9,18,7,3,Saturday
9/19/21,2021,9,19,1,3,Sunday
9/20/21,2021,9,20,2,3,Monday
9/21/21,2021,9,21,3,3,Tuesday
9/22/21,2021,9,22,4,3,Wednesday
9/23/21,2021,9,23,5,3,Thursday
9/24/21,2021,9,24,6,3,Friday
9/25/21,2021,9,25,7,3,Saturday
9/26/21,2021,9,26,1,3,Sunday
9/27/21,2021,9,27,2,3,Monday
9/28/21,2021,9,28,3,3,Tuesday
9/29/21,2021,9,29,4,3,Wednesday
9/30/21,2021,9,30,5,3,Thursday
10/1/21,2021,10,1,6,4,Friday
10/2/21,2021,10,2,7,4,Saturday
10/3/21,2021,10,3,1,4,Sunday
10/4/21,2021,10,4,2,4,Monday
10/5/21,2021,10,5,3,4,Tuesday
10/6/21,2021,10,6,4,4,Wednesday
10/7/21,2021,10,7,5,4,Thursday
10/8/21,2021,10,8,6,4,Friday
10/9/21,2021,10,9,7,4,Saturday
10/10/21,2021,10,10,1,4,Sunday
10/11/21,2021,10,11,2,4,Monday
10/12/21,2021,10,12,3,4,Tuesday
10/13/21,2021,10,13,4,4,Wednesday
10/14/21,2021,10,14,5,4,Thursday
10/15/21,2021,10,15,6,4,Friday
10/16/21,2021,10,16,7,4,Saturday
10/17/21,2021,10,17,1,4,Sunday
10/18/21,2021,10,18,2,4,Monday
10/19/21,2021,10,19,3,4,Tuesday
10/20/21,2021,10,20,4,4,Wednesday
10/21/21,2021,10,21,5,4,Thursday
10/22/21,2021,10,22,6,4,Friday
10/23/21,2021,10,23,7,4,Saturday
10/24/21,2021,10,24,1,4,Sunday
10/25/21,2021,10,25,2,4,Monday
10/26/21,2021,10,26,3,4,Tuesday
10/27/21,2021,10,27,4,4,Wednesday
10/28/21,2021,10,28,5,4,Thursday
10/29/21,2021,10,29,6,4,Friday
10/30/21,2021,10,30,7,4,Saturday
10/31/21,2021,10,31,1,4,Sunday
11/1/21,2021,11,1,2,4,Monday
11/2/21,2021,11,2,3,4,Tuesday
11/3/21,2021,11,3,4,4,Wednesday
11/4/21,2021,11,4,5,4,Thursday
11/5/21,2021,11,5,6,4,Friday
11/6/21,2021,11,6,7,4,Saturday
11/7/21,2021,11,7,1,4,Sunday
11/8/21,2021,11,8,2,4,Monday
11/9/21,2021,11,9,3,4,Tuesday
11/10/21,2021,11,10,4,4,Wednesday
11/11/21,2021,11,11,5,4,Thursday
11/12/21,2021,11,12,6,4,Friday
11/13/21,2021,11,13,7,4,Saturday
11/14/21,2021,11,14,1,4,Sunday
11/15/21,2021,11,15,2,4,Monday
11/16/21,2021,11,16,3,4,Tuesday
11/17/21,2021,11,17,4,4,Wednesday
11/18/21,2021,11,18,5,4,Thursday
11/19/21,2021,11,19,6,4,Friday
11/20/21,2021,11,20,7,4,Saturday
11/21/21,2021,11,21,1,4,Sunday
11/22/21,2021,11,22,2,4,Monday
11/23/21,2021,11,23,3,4,Tuesday
11/24/21,2021,11,24,4,4,Wednesday
11/25/21,2021,11,25,5,4,Thursday
11/26/21,2021,11,26,6,4,Friday
11/27/21,2021,11,27,7,4,Saturday
11/28/21,2021,11,28,1,4,Sunday
11/29/21,2021,11,29,2,4,Monday
11/30/21,2021,11,30,3,4,Tuesday
12/1/21,2021,12,1,4,4,Wednesday
12/2/21,2021,12,2,5,4,Thursday
12/3/21,2021,12,3,6,4,Friday
12/4/21,2021,12,4,7,4,Saturday
12/5/21,2021,12,5,1,4,Sunday
12/6/21,2021,12,6,2,4,Monday
12/7/21,2021,12,7,3,4,Tuesday
12/8/21,2021,12,8,4,4,Wednesday
12/9/21,2021,12,9,5,4,Thursday
12/10/21,2021,12,10,6,4,Friday
12/11/21,2021,12,11,7,4,Saturday
12/12/21,2021,12,12,1,4,Sunday
12/13/21,2021,12,13,2,4,Monday
12/14/21,2021,12,14,3,4,Tuesday
12/15/21,2021,12,15,4,4,Wednesday
12/16/21,2021,12,16,5,4,Thursday
12/17/21,2021,12,17,6,4,Friday
12/18/21,2021,12,18,7,4,Saturday
12/19/21,2021,12,19,1,4,Sunday
12/20/21,2021,12,20,2,4,Monday
12/21/21,2021,12,21,3,4,Tuesday
12/22/21,2021,12,22,4,4,Wednesday
12/23/21,2021,12,23,5,4,Thursday
12/24/21,2021,12,24,6,4,Friday
12/25/21,2021,12,25,7,4,Saturday
12/26/21,2021,12,26,1,4,Sunday
12/27/21,2021,12,27,2,4,Monday
12/28/21,2021,12,28,3,4,Tuesday
12/29/21,2021,12,29,4,4,Wednesday
12/30/21,2021,12,30,5,4,Thursday
12/31/21,2021,12,31,6,4,Friday
1/1/22,2022,1,1,7,1,Saturday
1/2/22,2022,1,2,1,1,Sunday
1/3/22,2022,1,3,2,1,Monday
1/4/22,2022,1,4,3,1,Tuesday
1/5/22,2022,1,5,4,1,Wednesday
1/6/22,2022,1,6,5,1,Thursday
1/7/22,2022,1,7,6,1,Friday
1/8/22,2022,1,8,7,1,Saturday
1/9/22,2022,1,9,1,1,Sunday
1/10/22,2022,1,10,2,1,Monday
1/11/22,2022,1,11,3,1,Tuesday
1/12/22,2022,1,12,4,1,Wednesday
1/13/22,2022,1,13,5,1,Thursday
1/14/22,2022,1,14,6,1,Friday
1/15/22,2022,1,15,7,1,Saturday
1/16/22,2022,1,16,1,1,Sunday
1/17/22,2022,1,17,2,1,Monday
1/18/22,2022,1,18,3,1,Tuesday
1/19/22,2022,1,19,4,1,Wednesday
1/20/22,2022,1,20,5,1,Thursday
1/21/22,2022,1,21,6,1,Friday
1/22/22,2022,1,22,7,1,Saturday
1/23/22,2022,1,23,1,1,Sunday
1/24/22,2022,1,24,2,1,Monday
1/25/22,2022,1,25,3,1,Tuesday
1/26/22,2022,1,26,4,1,Wednesday
1/27/22,2022,1,27,5,1,Thursday
1/28/22,2022,1,28,6,1,Friday
1/29/22,2022,1,29,7,1,Saturday
1/30/22,2022,1,30,1,1,Sunday
1/31/22,2022,1,31,2,1,Monday
2/1/22,2022,2,1,3,1,Tuesday
2/2/22,2022,2,2,4,1,Wednesday
2/3/22,2022,2,3,5,1,Thursday
2/4/22,2022,2,4,6,1,Friday
2/5/22,2022,2,5,7,1,Saturday
2/6/22,2022,2,6,1,1,Sunday
2/7/22,2022,2,7,2,1,Monday
2/8/22,2022,2,8,3,1,Tuesday
2/9/22,2022,2,9,4,1,Wednesday
2/10/22,2022,2,10,5,1,Thursday
2/11/22,2022,2,11,6,1,Friday
2/12/22,2022,2,12,7,1,Saturday
2/13/22,2022,2,13,1,1,Sunday
2/14/22,2022,2,14,2,1,Monday
2/15/22,2022,2,15,3,1,Tuesday
2/16/22,2022,2,16,4,1,Wednesday
2/17/22,2022,2,17,5,1,Thursday
2/18/22,2022,2,18,6,1,Friday
2/19/22,2022,2,19,7,1,Saturday
2/20/22,2022,2,20,1,1,Sunday
2/21/22,2022,2,21,2,1,Monday
2/22/22,2022,2,22,3,1,Tuesday
2/23/22,2022,2,23,4,1,Wednesday
2/24/22,2022,2,24,5,1,Thursday
2/25/22,2022,2,25,6,1,Friday
2/26/22,2022,2,26,7,1,Saturday
2/27/22,2022,2,27,1,1,Sunday
2/28/22,2022,2,28,2,1,Monday
3/1/22,2022,3,1,3,1,Tuesday
3/2/22,2022,3,2,4,1,Wednesday
3/3/22,2022,3,3,5,1,Thursday
3/4/22,2022,3,4,6,1,Friday
3/5/22,2022,3,5,7,1,Saturday
3/6/22,2022,3,6,1,1,Sunday
3/7/22,2022,3,7,2,1,Monday
3/8/22,2022,3,8,3,1,Tuesday
3/9/22,2022,3,9,4,1,Wednesday
3/10/22,2022,3,10,5,1,Thursday
3/11/22,2022,3,11,6,1,Friday
3/12/22,2022,3,12,7,1,Saturday
3/13/22,2022,3,13,1,1,Sunday
3/14/22,2022,3,14,2,1,Monday
3/15/22,2022,3,15,3,1,Tuesday
3/16/22,2022,3,16,4,1,Wednesday
3/17/22,2022,3,17,5,1,Thursday
3/18/22,2022,3,18,6,1,Friday
3/19/22,2022,3,19,7,1,Saturday
3/20/22,2022,3,20,1,1,Sunday
3/21/22,2022,3,21,2,1,Monday
3/22/22,2022,3,22,3,1,Tuesday
3/23/22,2022,3,23,4,1,Wednesday
3/24/22,2022,3,24,5,1,Thursday
3/25/22,2022,3,25,6,1,Friday
3/26/22,2022,3,26,7,1,Saturday
3/27/22,2022,3,27,1,1,Sunday
3/28/22,2022,3,28,2,1,Monday
3/29/22,2022,3,29,3,1,Tuesday
3/30/22,2022,3,30,4,1,Wednesday
3/31/22,2022,3,31,5,1,Thursday
4/1/22,2022,4,1,6,2,Friday
4/2/22,2022,4,2,7,2,Saturday
4/3/22,2022,4,3,1,2,Sunday
4/4/22,2022,4,4,2,2,Monday
4/5/22,2022,4,5,3,2,Tuesday
4/6/22,2022,4,6,4,2,Wednesday
4/7/22,2022,4,7,5,2,Thursday
4/8/22,2022,4,8,6,2,Friday
4/9/22,2022,4,9,7,2,Saturday
4/10/22,2022,4,10,1,2,Sunday
4/11/22,2022,4,11,2,2,Monday
4/12/22,2022,4,12,3,2,Tuesday
4/13/22,2022,4,13,4,2,Wednesday
4/14/22,2022,4,14,5,2,Thursday
4/15/22,2022,4,15,6,2,Friday
4/16/22,2022,4,16,7,2,Saturday
4/17/22,2022,4,17,1,2,Sunday
4/18/22,2022,4,18,2,2,Monday
4/19/22,2022,4,19,3,2,Tuesday
4/20/22,2022,4,20,4,2,Wednesday
4/21/22,2022,4,21,5,2,Thursday
4/22/22,2022,4,22,6,2,Friday
4/23/22,2022,4,23,7,2,Saturday
4/24/22,2022,4,24,1,2,Sunday
4/25/22,2022,4,25,2,2,Monday
4/26/22,2022,4,26,3,2,Tuesday
4/27/22,2022,4,27,4,2,Wednesday
4/28/22,2022,4,28,5,2,Thursday
4/29/22,2022,4,29,6,2,Friday
4/30/22,2022,4,30,7,2,Saturday
5/1/22,2022,5,1,1,2,Sunday
5/2/22,2022,5,2,2,2,Monday
5/3/22,2022,5,3,3,2,Tuesday
5/4/22,2022,5,4,4,2,Wednesday
5/5/22,2022,5,5,5,2,Thursday
5/6/22,2022,5,6,6,2,Friday
5/7/22,2022,5,7,7,2,Saturday
5/8/22,2022,5,8,1,2,Sunday
5/9/22,2022,5,9,2,2,Monday
5/10/22,2022,5,10,3,2,Tuesday
5/11/22,2022,5,11,4,2,Wednesday
5/12/22,2022,5,12,5,2,Thursday
5/13/22,2022,5,13,6,2,Friday
5/14/22,2022,5,14,7,2,Saturday
5/15/22,2022,5,15,1,2,Sunday
5/16/22,2022,5,16,2,2,Monday
5/17/22,2022,5,17,3,2,Tuesday
5/18/22,2022,5,18,4,2,Wednesday
5/19/22,2022,5,19,5,2,Thursday
5/20/22,2022,5,20,6,2,Friday
5/21/22,2022,5,21,7,2,Saturday
5/22/22,2022,5,22,1,2,Sunday
5/23/22,2022,5,23,2,2,Monday
5/24/22,2022,5,24,3,2,Tuesday
5/25/22,2022,5,25,4,2,Wednesday
5/26/22,2022,5,26,5,2,Thursday
5/27/22,2022,5,27,6,2,Friday
5/28/22,2022,5,28,7,2,Saturday
5/29/22,2022,5,29,1,2,Sunday
5/30/22,2022,5,30,2,2,Monday
5/31/22,2022,5,31,3,2,Tuesday
6/1/22,2022,6,1,4,2,Wednesday
6/2/22,2022,6,2,5,2,Thursday
6/3/22,2022,6,3,6,2,Friday
6/4/22,2022,6,4,7,2,Saturday
6/5/22,2022,6,5,1,2,Sunday
6/6/22,2022,6,6,2,2,Monday
6/7/22,2022,6,7,3,2,Tuesday
6/8/22,2022,6,8,4,2,Wednesday
6/9/22,2022,6,9,5,2,Thursday
6/10/22,2022,6,10,6,2,Friday
6/11/22,2022,6,11,7,2,Saturday
6/12/22,2022,6,12,1,2,Sunday
6/13/22,2022,6,13,2,2,Monday
6/14/22,2022,6,14,3,2,Tuesday
6/15/22,2022,6,15,4,2,Wednesday
6/16/22,2022,6,16,5,2,Thursday
6/17/22,2022,6,17,6,2,Friday
6/18/22,2022,6,18,7,2,Saturday
6/19/22,2022,6,19,1,2,Sunday
6/20/22,2022,6,20,2,2,Monday
6/21/22,2022,6,21,3,2,Tuesday
6/22/22,2022,6,22,4,2,Wednesday
6/23/22,2022,6,23,5,2,Thursday
6/24/22,2022,6,24,6,2,Friday
6/25/22,2022,6,25,7,2,Saturday
6/26/22,2022,6,26,1,2,Sunday
6/27/22,2022,6,27,2,2,Monday
6/28/22,2022,6,28,3,2,Tuesday
6/29/22,2022,6,29,4,2,Wednesday
6/30/22,2022,6,30,5,2,Thursday
7/1/22,2022,7,1,6,3,Friday
7/2/22,2022,7,2,7,3,Saturday
7/3/22,2022,7,3,1,3,Sunday
7/4/22,2022,7,4,2,3,Monday
7/5/22,2022,7,5,3,3,Tuesday
7/6/22,2022,7,6,4,3,Wednesday
7/7/22,2022,7,7,5,3,Thursday
7/8/22,2022,7,8,6,3,Friday
7/9/22,2022,7,9,7,3,Saturday
7/10/22,2022,7,10,1,3,Sunday
7/11/22,2022,7,11,2,3,Monday
7/12/22,2022,7,12,3,3,Tuesday
7/13/22,2022,7,13,4,3,Wednesday
7/14/22,2022,7,14,5,3,Thursday
7/15/22,2022,7,15,6,3,Friday
7/16/22,2022,7,16,7,3,Saturday
7/17/22,2022,7,17,1,3,Sunday
7/18/22,2022,7,18,2,3,Monday
7/19/22,2022,7,19,3,3,Tuesday
7/20/22,2022,7,20,4,3,Wednesday
7/21/22,2022,7,21,5,3,Thursday
7/22/22,2022,7,22,6,3,Friday
7/23/22,2022,7,23,7,3,Saturday
7/24/22,2022,7,24,1,3,Sunday
7/25/22,2022,7,25,2,3,Monday
7/26/22,2022,7,26,3,3,Tuesday
7/27/22,2022,7,27,4,3,Wednesday
7/28/22,2022,7,28,5,3,Thursday
7/29/22,2022,7,29,6,3,Friday
7/30/22,2022,7,30,7,3,Saturday
7/31/22,2022,7,31,1,3,Sunday
8/1/22,2022,8,1,2,3,Monday
8/2/22,2022,8,2,3,3,Tuesday
8/3/22,2022,8,3,4,3,Wednesday
8/4/22,2022,8,4,5,3,Thursday
8/5/22,2022,8,5,6,3,Friday
8/6/22,2022,8,6,7,3,Saturday
8/7/22,2022,8,7,1,3,Sunday
8/8/22,2022,8,8,2,3,Monday
8/9/22,2022,8,9,3,3,Tuesday
8/10/22,2022,8,10,4,3,Wednesday
8/11/22,2022,8,11,5,3,Thursday
8/12/22,2022,8,12,6,3,Friday
8/13/22,2022,8,13,7,3,Saturday
8/14/22,2022,8,14,1,3,Sunday
8/15/22,2022,8,15,2,3,Monday
8/16/22,2022,8,16,3,3,Tuesday
8/17/22,2022,8,17,4,3,Wednesday
8/18/22,2022,8,18,5,3,Thursday
8/19/22,2022,8,19,6,3,Friday
8/20/22,2022,8,20,7,3,Saturday
8/21/22,2022,8,21,1,3,Sunday
8/22/22,2022,8,22,2,3,Monday
8/23/22,2022,8,23,3,3,Tuesday
8/24/22,2022,8,24,4,3,Wednesday
8/25/22,2022,8,25,5,3,Thursday
8/26/22,2022,8,26,6,3,Friday
8/27/22,2022,8,27,7,3,Saturday
8/28/22,2022,8,28,1,3,Sunday
8/29/22,2022,8,29,2,3,Monday
8/30/22,2022,8,30,3,3,Tuesday
8/31/22,2022,8,31,4,3,Wednesday
9/1/22,2022,9,1,5,3,Thursday
9/2/22,2022,9,2,6,3,Friday
9/3/22,2022,9,3,7,3,Saturday
9/4/22,2022,9,4,1,3,Sunday
9/5/22,2022,9,5,2,3,Monday
9/6/22,2022,9,6,3,3,Tuesday
9/7/22,2022,9,7,4,3,Wednesday
9/8/22,2022,9,8,5,3,Thursday
9/9/22,2022,9,9,6,3,Friday
9/10/22,2022,9,10,7,3,Saturday
9/11/22,2022,9,11,1,3,Sunday
9/12/22,2022,9,12,2,3,Monday
9/13/22,2022,9,13,3,3,Tuesday
9/14/22,2022,9,14,4,3,Wednesday
9/15/22,2022,9,15,5,3,Thursday
9/16/22,2022,9,16,6,3,Friday
9/17/22,2022,9,17,7,3,Saturday
9/18/22,2022,9,18,1,3,Sunday
9/19/22,2022,9,19,2,3,Monday
9/20/22,2022,9,20,3,3,Tuesday
9/21/22,2022,9,21,4,3,Wednesday
9/22/22,2022,9,22,5,3,Thursday
9/23/22,2022,9,23,6,3,Friday
9/24/22,2022,9,24,7,3,Saturday
9/25/22,2022,9,25,1,3,Sunday
9/26/22,2022,9,26,2,3,Monday
9/27/22,2022,9,27,3,3,Tuesday
9/28/22,2022,9,28,4,3,Wednesday
9/29/22,2022,9,29,5,3,Thursday
9/30/22,2022,9,30,6,3,Friday
10/1/22,2022,10,1,7,4,Saturday
10/2/22,2022,10,2,1,4,Sunday
10/3/22,2022,10,3,2,4,Monday
10/4/22,2022,10,4,3,4,Tuesday
10/5/22,2022,10,5,4,4,Wednesday
10/6/22,2022,10,6,5,4,Thursday
10/7/22,2022,10,7,6,4,Friday
10/8/22,2022,10,8,7,4,Saturday
10/9/22,2022,10,9,1,4,Sunday
10/10/22,2022,10,10,2,4,Monday
10/11/22,2022,10,11,3,4,Tuesday
10/12/22,2022,10,12,4,4,Wednesday
10/13/22,2022,10,13,5,4,Thursday
10/14/22,2022,10,14,6,4,Friday
10/15/22,2022,10,15,7,4,Saturday
10/16/22,2022,10,16,1,4,Sunday
10/17/22,2022,10,17,2,4,Monday
10/18/22,2022,10,18,3,4,Tuesday
10/19/22,2022,10,19,4,4,Wednesday
10/20/22,2022,10,20,5,4,Thursday
10/21/22,2022,10,21,6,4,Friday
10/22/22,2022,10,22,7,4,Saturday
10/23/22,2022,10,23,1,4,Sunday
10/24/22,2022,10,24,2,4,Monday
10/25/22,2022,10,25,3,4,Tuesday
10/26/22,2022,10,26,4,4,Wednesday
10/27/22,2022,10,27,5,4,Thursday
10/28/22,2022,10,28,6,4,Friday
10/29/22,2022,10,29,7,4,Saturday
10/30/22,2022,10,30,1,4,Sunday
10/31/22,2022,10,31,2,4,Monday
11/1/22,2022,11,1,3,4,Tuesday
11/2/22,2022,11,2,4,4,Wednesday
11/3/22,2022,11,3,5,4,Thursday
11/4/22,2022,11,4,6,4,Friday
11/5/22,2022,11,5,7,4,Saturday
11/6/22,2022,11,6,1,4,Sunday
11/7/22,2022,11,7,2,4,Monday
11/8/22,2022,11,8,3,4,Tuesday
11/9/22,2022,11,9,4,4,Wednesday
11/10/22,2022,11,10,5,4,Thursday
11/11/22,2022,11,11,6,4,Friday
11/12/22,2022,11,12,7,4,Saturday
11/13/22,2022,11,13,1,4,Sunday
11/14/22,2022,11,14,2,4,Monday
11/15/22,2022,11,15,3,4,Tuesday
11/16/22,2022,11,16,4,4,Wednesday
11/17/22,2022,11,17,5,4,Thursday
11/18/22,2022,11,18,6,4,Friday
11/19/22,2022,11,19,7,4,Saturday
11/20/22,2022,11,20,1,4,Sunday
11/21/22,2022,11,21,2,4,Monday
11/22/22,2022,11,22,3,4,Tuesday
11/23/22,2022,11,23,4,4,Wednesday
11/24/22,2022,11,24,5,4,Thursday
11/25/22,2022,11,25,6,4,Friday
11/26/22,2022,11,26,7,4,Saturday
11/27/22,2022,11,27,1,4,Sunday
11/28/22,2022,11,28,2,4,Monday
11/29/22,2022,11,29,3,4,Tuesday
11/30/22,2022,11,30,4,4,Wednesday
12/1/22,2022,12,1,5,4,Thursday
12/2/22,2022,12,2,6,4,Friday
12/3/22,2022,12,3,7,4,Saturday
12/4/22,2022,12,4,1,4,Sunday
12/5/22,2022,12,5,2,4,Monday
12/6/22,2022,12,6,3,4,Tuesday
12/7/22,2022,12,7,4,4,Wednesday
12/8/22,2022,12,8,5,4,Thursday
12/9/22,2022,12,9,6,4,Friday
12/10/22,2022,12,10,7,4,Saturday
12/11/22,2022,12,11,1,4,Sunday
12/12/22,2022,12,12,2,4,Monday
12/13/22,2022,12,13,3,4,Tuesday
12/14/22,2022,12,14,4,4,Wednesday
12/15/22,2022,12,15,5,4,Thursday
12/16/22,2022,12,16,6,4,Friday
12/17/22,2022,12,17,7,4,Saturday
12/18/22,2022,12,18,1,4,Sunday
12/19/22,2022,12,19,2,4,Monday
12/20/22,2022,12,20,3,4,Tuesday
12/21/22,2022,12,21,4,4,Wednesday
12/22/22,2022,12,22,5,4,Thursday
12/23/22,2022,12,23,6,4,Friday
12/24/22,2022,12,24,7,4,Saturday
12/25/22,2022,12,25,1,4,Sunday
12/26/22,2022,12,26,2,4,Monday
12/27/22,2022,12,27,3,4,Tuesday
12/28/22,2022,12,28,4,4,Wednesday
12/29/22,2022,12,29,5,4,Thursday
12/30/22,2022,12,30,6,4,Friday
12/31/22,2022,12,31,7,4,Saturday
1/1/23,2023,1,1,1,1,Sunday
1/2/23,2023,1,2,2,1,Monday
1/3/23,2023,1,3,3,1,Tuesday
1/4/23,2023,1,4,4,1,Wednesday
1/5/23,2023,1,5,5,1,Thursday
1/6/23,2023,1,6,6,1,Friday
1/7/23,2023,1,7,7,1,Saturday
1/8/23,2023,1,8,1,1,Sunday
1/9/23,2023,1,9,2,1,Monday
1/10/23,2023,1,10,3,1,Tuesday
1/11/23,2023,1,11,4,1,Wednesday
1/12/23,2023,1,12,5,1,Thursday
1/13/23,2023,1,13,6,1,Friday
1/14/23,2023,1,14,7,1,Saturday
1/15/23,2023,1,15,1,1,Sunday
1/16/23,2023,1,16,2,1,Monday
1/17/23,2023,1,17,3,1,Tuesday
1/18/23,2023,1,18,4,1,Wednesday
1/19/23,2023,1,19,5,1,Thursday
1/20/23,2023,1,20,6,1,Friday
1/21/23,2023,1,21,7,1,Saturday
1/22/23,2023,1,22,1,1,Sunday
1/23/23,2023,1,23,2,1,Monday
1/24/23,2023,1,24,3,1,Tuesday
1/25/23,2023,1,25,4,1,Wednesday
1/26/23,2023,1,26,5,1,Thursday
1/27/23,2023,1,27,6,1,Friday
1/28/23,2023,1,28,7,1,Saturday
1/29/23,2023,1,29,1,1,Sunday
1/30/23,2023,1,30,2,1,Monday
1/31/23,2023,1,31,3,1,Tuesday
2/1/23,2023,2,1,4,1,Wednesday
2/2/23,2023,2,2,5,1,Thursday
2/3/23,2023,2,3,6,1,Friday
2/4/23,2023,2,4,7,1,Saturday
2/5/23,2023,2,5,1,1,Sunday
2/6/23,2023,2,6,2,1,Monday
2/7/23,2023,2,7,3,1,Tuesday
2/8/23,2023,2,8,4,1,Wednesday
2/9/23,2023,2,9,5,1,Thursday
2/10/23,2023,2,10,6,1,Friday
2/11/23,2023,2,11,7,1,Saturday
2/12/23,2023,2,12,1,1,Sunday
2/13/23,2023,2,13,2,1,Monday
2/14/23,2023,2,14,3,1,Tuesday
2/15/23,2023,2,15,4,1,Wednesday
2/16/23,2023,2,16,5,1,Thursday
2/17/23,2023,2,17,6,1,Friday
2/18/23,2023,2,18,7,1,Saturday
2/19/23,2023,2,19,1,1,Sunday
2/20/23,2023,2,20,2,1,Monday
2/21/23,2023,2,21,3,1,Tuesday
2/22/23,2023,2,22,4,1,Wednesday
2/23/23,2023,2,23,5,1,Thursday
2/24/23,2023,2,24,6,1,Friday
2/25/23,2023,2,25,7,1,Saturday
2/26/23,2023,2,26,1,1,Sunday
2/27/23,2023,2,27,2,1,Monday
2/28/23,2023,2,28,3,1,Tuesday
3/1/23,2023,3,1,4,1,Wednesday
3/2/23,2023,3,2,5,1,Thursday
3/3/23,2023,3,3,6,1,Friday
3/4/23,2023,3,4,7,1,Saturday
3/5/23,2023,3,5,1,1,Sunday
3/6/23,2023,3,6,2,1,Monday
3/7/23,2023,3,7,3,1,Tuesday
3/8/23,2023,3,8,4,1,Wednesday
3/9/23,2023,3,9,5,1,Thursday
3/10/23,2023,3,10,6,1,Friday
3/11/23,2023,3,11,7,1,Saturday
3/12/23,2023,3,12,1,1,Sunday
3/13/23,2023,3,13,2,1,Monday
3/14/23,2023,3,14,3,1,Tuesday
3/15/23,2023,3,15,4,1,Wednesday
3/16/23,2023,3,16,5,1,Thursday
3/17/23,2023,3,17,6,1,Friday
3/18/23,2023,3,18,7,1,Saturday
3/19/23,2023,3,19,1,1,Sunday
3/20/23,2023,3,20,2,1,Monday
3/21/23,2023,3,21,3,1,Tuesday
3/22/23,2023,3,22,4,1,Wednesday
3/23/23,2023,3,23,5,1,Thursday
3/24/23,2023,3,24,6,1,Friday
3/25/23,2023,3,25,7,1,Saturday
3/26/23,2023,3,26,1,1,Sunday
3/27/23,2023,3,27,2,1,Monday
3/28/23,2023,3,28,3,1,Tuesday
3/29/23,2023,3,29,4,1,Wednesday
3/30/23,2023,3,30,5,1,Thursday
3/31/23,2023,3,31,6,1,Friday
4/1/23,2023,4,1,7,2,Saturday
4/2/23,2023,4,2,1,2,Sunday
4/3/23,2023,4,3,2,2,Monday
4/4/23,2023,4,4,3,2,Tuesday
4/5/23,2023,4,5,4,2,Wednesday
4/6/23,2023,4,6,5,2,Thursday
4/7/23,2023,4,7,6,2,Friday
4/8/23,2023,4,8,7,2,Saturday
4/9/23,2023,4,9,1,2,Sunday
4/10/23,2023,4,10,2,2,Monday
4/11/23,2023,4,11,3,2,Tuesday
4/12/23,2023,4,12,4,2,Wednesday
4/13/23,2023,4,13,5,2,Thursday
4/14/23,2023,4,14,6,2,Friday
4/15/23,2023,4,15,7,2,Saturday
4/16/23,2023,4,16,1,2,Sunday
4/17/23,2023,4,17,2,2,Monday
4/18/23,2023,4,18,3,2,Tuesday
4/19/23,2023,4,19,4,2,Wednesday
4/20/23,2023,4,20,5,2,Thursday
4/21/23,2023,4,21,6,2,Friday
4/22/23,2023,4,22,7,2,Saturday
4/23/23,2023,4,23,1,2,Sunday
4/24/23,2023,4,24,2,2,Monday
4/25/23,2023,4,25,3,2,Tuesday
4/26/23,2023,4,26,4,2,Wednesday
4/27/23,2023,4,27,5,2,Thursday
4/28/23,2023,4,28,6,2,Friday
4/29/23,2023,4,29,7,2,Saturday
4/30/23,2023,4,30,1,2,Sunday
5/1/23,2023,5,1,2,2,Monday
5/2/23,2023,5,2,3,2,Tuesday
5/3/23,2023,5,3,4,2,Wednesday
5/4/23,2023,5,4,5,2,Thursday
5/5/23,2023,5,5,6,2,Friday
5/6/23,2023,5,6,7,2,Saturday
5/7/23,2023,5,7,1,2,Sunday
5/8/23,2023,5,8,2,2,Monday
5/9/23,2023,5,9,3,2,Tuesday
5/10/23,2023,5,10,4,2,Wednesday
5/11/23,2023,5,11,5,2,Thursday
5/12/23,2023,5,12,6,2,Friday
5/13/23,2023,5,13,7,2,Saturday
5/14/23,2023,5,14,1,2,Sunday
5/15/23,2023,5,15,2,2,Monday
5/16/23,2023,5,16,3,2,Tuesday
5/17/23,2023,5,17,4,2,Wednesday
5/18/23,2023,5,18,5,2,Thursday
5/19/23,2023,5,19,6,2,Friday
5/20/23,2023,5,20,7,2,Saturday
5/21/23,2023,5,21,1,2,Sunday
5/22/23,2023,5,22,2,2,Monday
5/23/23,2023,5,23,3,2,Tuesday
5/24/23,2023,5,24,4,2,Wednesday
5/25/23,2023,5,25,5,2,Thursday
5/26/23,2023,5,26,6,2,Friday
5/27/23,2023,5,27,7,2,Saturday
5/28/23,2023,5,28,1,2,Sunday
5/29/23,2023,5,29,2,2,Monday
5/30/23,2023,5,30,3,2,Tuesday
5/31/23,2023,5,31,4,2,Wednesday
6/1/23,2023,6,1,5,2,Thursday
6/2/23,2023,6,2,6,2,Friday
6/3/23,2023,6,3,7,2,Saturday
6/4/23,2023,6,4,1,2,Sunday
6/5/23,2023,6,5,2,2,Monday
6/6/23,2023,6,6,3,2,Tuesday
6/7/23,2023,6,7,4,2,Wednesday
6/8/23,2023,6,8,5,2,Thursday
6/9/23,2023,6,9,6,2,Friday
6/10/23,2023,6,10,7,2,Saturday
6/11/23,2023,6,11,1,2,Sunday
6/12/23,2023,6,12,2,2,Monday
6/13/23,2023,6,13,3,2,Tuesday
6/14/23,2023,6,14,4,2,Wednesday
6/15/23,2023,6,15,5,2,Thursday
6/16/23,2023,6,16,6,2,Friday
6/17/23,2023,6,17,7,2,Saturday
6/18/23,2023,6,18,1,2,Sunday
6/19/23,2023,6,19,2,2,Monday
6/20/23,2023,6,20,3,2,Tuesday
6/21/23,2023,6,21,4,2,Wednesday
6/22/23,2023,6,22,5,2,Thursday
6/23/23,2023,6,23,6,2,Friday
6/24/23,2023,6,24,7,2,Saturday
6/25/23,2023,6,25,1,2,Sunday
6/26/23,2023,6,26,2,2,Monday
6/27/23,2023,6,27,3,2,Tuesday
6/28/23,2023,6,28,4,2,Wednesday
6/29/23,2023,6,29,5,2,Thursday
6/30/23,2023,6,30,6,2,Friday
7/1/23,2023,7,1,7,3,Saturday
7/2/23,2023,7,2,1,3,Sunday
7/3/23,2023,7,3,2,3,Monday
7/4/23,2023,7,4,3,3,Tuesday
7/5/23,2023,7,5,4,3,Wednesday
7/6/23,2023,7,6,5,3,Thursday
7/7/23,2023,7,7,6,3,Friday
7/8/23,2023,7,8,7,3,Saturday
7/9/23,2023,7,9,1,3,Sunday
7/10/23,2023,7,10,2,3,Monday
7/11/23,2023,7,11,3,3,Tuesday
7/12/23,2023,7,12,4,3,Wednesday
7/13/23,2023,7,13,5,3,Thursday
7/14/23,2023,7,14,6,3,Friday
7/15/23,2023,7,15,7,3,Saturday
7/16/23,2023,7,16,1,3,Sunday
7/17/23,2023,7,17,2,3,Monday
7/18/23,2023,7,18,3,3,Tuesday
7/19/23,2023,7,19,4,3,Wednesday
7/20/23,2023,7,20,5,3,Thursday
7/21/23,2023,7,21,6,3,Friday
7/22/23,2023,7,22,7,3,Saturday
7/23/23,2023,7,23,1,3,Sunday
7/24/23,2023,7,24,2,3,Monday
7/25/23,2023,7,25,3,3,Tuesday
7/26/23,2023,7,26,4,3,Wednesday
7/27/23,2023,7,27,5,3,Thursday
7/28/23,2023,7,28,6,3,Friday
7/29/23,2023,7,29,7,3,Saturday
7/30/23,2023,7,30,1,3,Sunday
7/31/23,2023,7,31,2,3,Monday
8/1/23,2023,8,1,3,3,Tuesday
8/2/23,2023,8,2,4,3,Wednesday
8/3/23,2023,8,3,5,3,Thursday
8/4/23,2023,8,4,6,3,Friday
8/5/23,2023,8,5,7,3,Saturday
8/6/23,2023,8,6,1,3,Sunday
8/7/23,2023,8,7,2,3,Monday
8/8/23,2023,8,8,3,3,Tuesday
8/9/23,2023,8,9,4,3,Wednesday
8/10/23,2023,8,10,5,3,Thursday
8/11/23,2023,8,11,6,3,Friday
8/12/23,2023,8,12,7,3,Saturday
8/13/23,2023,8,13,1,3,Sunday
8/14/23,2023,8,14,2,3,Monday
8/15/23,2023,8,15,3,3,Tuesday
8/16/23,2023,8,16,4,3,Wednesday
8/17/23,2023,8,17,5,3,Thursday
8/18/23,2023,8,18,6,3,Friday
8/19/23,2023,8,19,7,3,Saturday
8/20/23,2023,8,20,1,3,Sunday
8/21/23,2023,8,21,2,3,Monday
8/22/23,2023,8,22,3,3,Tuesday
8/23/23,2023,8,23,4,3,Wednesday
8/24/23,2023,8,24,5,3,Thursday
8/25/23,2023,8,25,6,3,Friday
8/26/23,2023,8,26,7,3,Saturday
8/27/23,2023,8,27,1,3,Sunday
8/28/23,2023,8,28,2,3,Monday
8/29/23,2023,8,29,3,3,Tuesday
8/30/23,2023,8,30,4,3,Wednesday
8/31/23,2023,8,31,5,3,Thursday
9/1/23,2023,9,1,6,3,Friday
9/2/23,2023,9,2,7,3,Saturday
9/3/23,2023,9,3,1,3,Sunday
9/4/23,2023,9,4,2,3,Monday
9/5/23,2023,9,5,3,3,Tuesday
9/6/23,2023,9,6,4,3,Wednesday
9/7/23,2023,9,7,5,3,Thursday
9/8/23,2023,9,8,6,3,Friday
9/9/23,2023,9,9,7,3,Saturday
9/10/23,2023,9,10,1,3,Sunday
9/11/23,2023,9,11,2,3,Monday
9/12/23,2023,9,12,3,3,Tuesday
9/13/23,2023,9,13,4,3,Wednesday
9/14/23,2023,9,14,5,3,Thursday
9/15/23,2023,9,15,6,3,Friday
9/16/23,2023,9,16,7,3,Saturday
9/17/23,2023,9,17,1,3,Sunday
9/18/23,2023,9,18,2,3,Monday
9/19/23,2023,9,19,3,3,Tuesday
9/20/23,2023,9,20,4,3,Wednesday
9/21/23,2023,9,21,5,3,Thursday
9/22/23,2023,9,22,6,3,Friday
9/23/23,2023,9,23,7,3,Saturday
9/24/23,2023,9,24,1,3,Sunday
9/25/23,2023,9,25,2,3,Monday
9/26/23,2023,9,26,3,3,Tuesday
9/27/23,2023,9,27,4,3,Wednesday
9/28/23,2023,9,28,5,3,Thursday
9/29/23,2023,9,29,6,3,Friday
9/30/23,2023,9,30,7,3,Saturday
10/1/23,2023,10,1,1,4,Sunday
10/2/23,2023,10,2,2,4,Monday
10/3/23,2023,10,3,3,4,Tuesday
10/4/23,2023,10,4,4,4,Wednesday
10/5/23,2023,10,5,5,4,Thursday
10/6/23,2023,10,6,6,4,Friday
10/7/23,2023,10,7,7,4,Saturday
10/8/23,2023,10,8,1,4,Sunday
10/9/23,2023,10,9,2,4,Monday
10/10/23,2023,10,10,3,4,Tuesday
10/11/23,2023,10,11,4,4,Wednesday
10/12/23,2023,10,12,5,4,Thursday
10/13/23,2023,10,13,6,4,Friday
10/14/23,2023,10,14,7,4,Saturday
10/15/23,2023,10,15,1,4,Sunday
10/16/23,2023,10,16,2,4,Monday
10/17/23,2023,10,17,3,4,Tuesday
10/18/23,2023,10,18,4,4,Wednesday
10/19/23,2023,10,19,5,4,Thursday
10/20/23,2023,10,20,6,4,Friday
10/21/23,2023,10,21,7,4,Saturday
10/22/23,2023,10,22,1,4,Sunday
10/23/23,2023,10,23,2,4,Monday
10/24/23,2023,10,24,3,4,Tuesday
10/25/23,2023,10,25,4,4,Wednesday
10/26/23,2023,10,26,5,4,Thursday
10/27/23,2023,10,27,6,4,Friday
10/28/23,2023,10,28,7,4,Saturday
10/29/23,2023,10,29,1,4,Sunday
10/30/23,2023,10,30,2,4,Monday
10/31/23,2023,10,31,3,4,Tuesday
11/1/23,2023,11,1,4,4,Wednesday
11/2/23,2023,11,2,5,4,Thursday
11/3/23,2023,11,3,6,4,Friday
11/4/23,2023,11,4,7,4,Saturday
11/5/23,2023,11,5,1,4,Sunday
11/6/23,2023,11,6,2,4,Monday
11/7/23,2023,11,7,3,4,Tuesday
11/8/23,2023,11,8,4,4,Wednesday
11/9/23,2023,11,9,5,4,Thursday
11/10/23,2023,11,10,6,4,Friday
11/11/23,2023,11,11,7,4,Saturday
11/12/23,2023,11,12,1,4,Sunday
11/13/23,2023,11,13,2,4,Monday
11/14/23,2023,11,14,3,4,Tuesday
11/15/23,2023,11,15,4,4,Wednesday
11/16/23,2023,11,16,5,4,Thursday
11/17/23,2023,11,17,6,4,Friday
11/18/23,2023,11,18,7,4,Saturday
11/19/23,2023,11,19,1,4,Sunday
11/20/23,2023,11,20,2,4,Monday
11/21/23,2023,11,21,3,4,Tuesday
11/22/23,2023,11,22,4,4,Wednesday
11/23/23,2023,11,23,5,4,Thursday
11/24/23,2023,11,24,6,4,Friday
11/25/23,2023,11,25,7,4,Saturday
11/26/23,2023,11,26,1,4,Sunday
11/27/23,2023,11,27,2,4,Monday
11/28/23,2023,11,28,3,4,Tuesday
11/29/23,2023,11,29,4,4,Wednesday
11/30/23,2023,11,30,5,4,Thursday
12/1/23,2023,12,1,6,4,Friday
12/2/23,2023,12,2,7,4,Saturday
12/3/23,2023,12,3,1,4,Sunday
12/4/23,2023,12,4,2,4,Monday
12/5/23,2023,12,5,3,4,Tuesday
12/6/23,2023,12,6,4,4,Wednesday
12/7/23,2023,12,7,5,4,Thursday
12/8/23,2023,12,8,6,4,Friday
12/9/23,2023,12,9,7,4,Saturday
12/10/23,2023,12,10,1,4,Sunday
12/11/23,2023,12,11,2,4,Monday
12/12/23,2023,12,12,3,4,Tuesday
12/13/23,2023,12,13,4,4,Wednesday
12/14/23,2023,12,14,5,4,Thursday
12/15/23,2023,12,15,6,4,Friday
12/16/23,2023,12,16,7,4,Saturday
12/17/23,2023,12,17,1,4,Sunday
12/18/23,2023,12,18,2,4,Monday
12/19/23,2023,12,19,3,4,Tuesday
12/20/23,2023,12,20,4,4,Wednesday
12/21/23,2023,12,21,5,4,Thursday
12/22/23,2023,12,22,6,4,Friday
12/23/23,2023,12,23,7,4,Saturday
12/24/23,2023,12,24,1,4,Sunday
12/25/23,2023,12,25,2,4,Monday
12/26/23,2023,12,26,3,4,Tuesday
12/27/23,2023,12,27,4,4,Wednesday
12/28/23,2023,12,28,5,4,Thursday
12/29/23,2023,12,29,6,4,Friday
12/30/23,2023,12,30,7,4,Saturday
12/31/23,2023,12,31,1,4,Sunday