City,ZipCode,State
San Antonio,57993,TX
San Francisco,32627,CA
San Jose,83302,CA
Syracuse,27621,NY
Jacksonville,55947,FL
Tallahassee,51603,FL
St. Petersburg,75734,FL
San Antonio,43147,TX
Austin,32682,TX
Syracuse,10857,NY
San Antonio,60452,TX
El Paso,39540,TX
Allentown,43828,PA
Buffalo,58892,NY
Austin,29333,TX
Tampa,89688,FL
San Francisco,44202,CA
Fresno,31002,CA
Rochester,10194,NY
El Paso,89088,TX
San Francisco,35848,CA
Allentown,75547,PA
Fort Worth,88882,TX
San Francisco,15029,CA
Mount Vernon,63602,NY
Rochester,16555,NY
St. Petersburg,97897,FL
Dallas,63297,TX
Pittsburgh,66308,PA
Utica,77606,NY
San Antonio,35205,TX
Miami,85069,FL
Yonkers,65686,NY
Miami,79793,FL
Miami,96501,FL
Philadelphia,33559,PA
New Rochelle,83972,NY
San Jose,83229,CA
Jacksonville,71930,FL
San Jose,86725,CA
Orlando,3695,FL
Mount Vernon,46617,NY
El Paso,16864,TX
Austin,41675,TX
Utica,46849,NY
Fresno,71548,CA
Yonkers,35624,NY
San Antonio,53909,TX
New Rochelle,29577,NY
Mount Vernon,7212,NY
New Rochelle,36622,NY
Tallahassee,26930,FL
San Diego,76990,CA
Tallahassee,18218,FL
Fort Worth,99073,TX
Jacksonville,33786,FL
Buffalo,1641,NY
Pittsburgh,71780,PA
New Rochelle,44020,NY
Syracuse,50633,NY
Pittsburgh,66950,PA
San Diego,74710,CA
Allentown,68474,PA
Albany,4549,NY
Utica,92876,NY
Austin,5609,TX
Fresno,6376,CA
Mount Vernon,85245,NY
Houston,48986,TX
Albany,18100,NY
Syracuse,25996,NY
Rochester,16177,NY
Yonkers,56489,NY
Rochester,20136,NY
Utica,40632,NY
St. Petersburg,93053,FL
Philadelphia,45128,PA
Orlando,57113,FL
Utica,94498,NY
Dallas,58364,TX
Pittsburgh,72759,PA
St. Petersburg,99784,FL
Austin,35002,TX
San Jose,53562,CA
Jacksonville,6650,FL
Syracuse,48539,NY
Mount Vernon,28125,NY
Allentown,85251,PA
Miami,24182,FL
Tallahassee,96106,FL
Mount Vernon,4064,NY
Jacksonville,83889,FL
New York,38143,NY
Mount Vernon,78982,NY
St. Petersburg,37586,FL
El Paso,77727,TX
Los Angeles,20209,CA
Fort Worth,80096,TX
San Diego,8124,CA
San Jose,20320,CA
Miami,1254,FL
Allentown,78434,PA
Jacksonville,29567,FL
Albany,64235,NY
Pittsburgh,69461,PA
St. Petersburg,78902,FL
Austin,74315,TX
Hialeah,83687,FL
Fort Worth,63424,TX
Jacksonville,50148,FL
Tampa,73965,FL
San Francisco,6009,CA
Allentown,85910,PA
New Rochelle,95631,NY
Orlando,9625,FL
Fresno,78578,CA
New York,23396,NY
San Diego,70535,CA
San Antonio,34597,TX
Houston,81867,TX
Los Angeles,60969,CA
New Rochelle,17231,NY
Orlando,70596,FL
Rochester,13358,NY
Rochester,65754,NY
Fresno,88780,CA
Los Angeles,72541,CA
Yonkers,71591,NY
St. Petersburg,6557,FL
Tampa,79905,FL
Albany,8143,NY
San Diego,73005,CA
El Paso,80776,TX
Los Angeles,23363,CA
Dallas,17224,TX
New York,63614,NY
Tallahassee,41362,FL
El Paso,31124,TX
Mount Vernon,45574,NY
Yonkers,19303,NY
New York,57843,NY
New York,47888,NY
Tampa,31033,FL
Rochester,77515,NY
Dallas,80176,TX
San Jose,93120,CA
Allentown,14366,PA
El Paso,14226,TX
New York,86015,NY
Hialeah,52916,FL
Los Angeles,55958,CA
Philadelphia,6876,PA
Tampa,94341,FL
Yonkers,72830,NY
San Antonio,29535,TX
Mount Vernon,5165,NY
Fresno,79322,CA
Tampa,77074,FL
Hialeah,4410,FL
Dallas,86701,TX
Albany,13273,NY
Houston,5970,TX
Austin,52158,TX
Tampa,91543,FL
Rochester,62618,NY
New Rochelle,60862,NY
El Paso,82262,TX
New York,22112,NY
Utica,31719,NY
Tampa,16394,FL
Albany,20731,NY
Pittsburgh,13385,PA
Tallahassee,79413,FL
Fort Worth,47023,TX
Fort Worth,29191,TX
Mount Vernon,77414,NY
Mount Vernon,64698,NY
Syracuse,62188,NY
Tampa,2023,FL
Albany,42952,NY
Albany,69333,NY
Miami,93813,FL
San Diego,23448,CA
San Jose,59914,CA
Allentown,10895,PA
St. Petersburg,78208,FL
Hialeah,50262,FL
Houston,17726,TX
Miami,55896,FL
New Rochelle,84295,NY
Los Angeles,1117,CA
Los Angeles,36888,CA
Dallas,19088,TX
Allentown,91676,PA
San Jose,69115,CA
Albany,864,NY
Houston,34710,TX
Mount Vernon,65844,NY
San Antonio,11230,TX
Tampa,35561,FL
Los Angeles,62834,CA
Yonkers,45324,NY
Fort Worth,3873,TX
Austin,96321,TX
New Rochelle,67390,NY
Houston,61689,TX
Allentown,77285,PA
Austin,66645,TX
Los Angeles,68530,CA
Tallahassee,97445,FL
Fort Worth,64159,TX
New Rochelle,7356,NY
New Rochelle,56105,NY
Yonkers,71175,NY
Dallas,21700,TX
Philadelphia,35138,PA
New York,34559,NY
Tallahassee,74049,FL
Austin,45299,TX
Los Angeles,47052,CA
Miami,72552,FL
New York,5242,NY
Dallas,69960,TX
Allentown,37429,PA
Yonkers,80986,NY
Allentown,13633,PA
Fresno,32700,CA
Utica,82957,NY
San Diego,3026,CA
Los Angeles,14806,CA
Houston,6510,TX
Pittsburgh,64741,PA
El Paso,31746,TX
Rochester,91955,NY
Dallas,94266,TX
Houston,40912,TX
New York,917,NY
Philadelphia,78748,PA
Buffalo,33728,NY
Los Angeles,16378,CA
Pittsburgh,66201,PA
San Francisco,2741,CA
San Diego,71454,CA
Syracuse,30139,NY
San Antonio,37857,TX
Austin,15163,TX
Rochester,95551,NY
San Jose,74628,CA
Tampa,53512,FL
Austin,1532,TX
San Francisco,12238,CA
New Rochelle,14148,NY
Hialeah,37067,FL
Allentown,32195,PA
St. Petersburg,63283,FL
Jacksonville,87455,FL
Yonkers,29264,NY
Dallas,16672,TX
Utica,52029,NY
Albany,99791,NY
Hialeah,63867,FL
Fresno,39224,CA
Tampa,5637,FL
Fresno,17070,CA
Syracuse,30366,NY
Syracuse,894,NY
Jacksonville,33859,FL
Fresno,9901,CA
Philadelphia,32623,PA
Austin,84161,TX
Albany,98913,NY
Buffalo,27041,NY
Fort Worth,99439,TX
St. Petersburg,56466,FL
Philadelphia,13272,PA
Utica,84034,NY
Syracuse,72618,NY
Albany,49950,NY
San Antonio,52067,TX
Mount Vernon,66943,NY
Rochester,60839,NY
Tallahassee,92696,FL
Los Angeles,68627,CA
Buffalo,76766,NY
Fresno,31487,CA
San Francisco,20797,CA
Buffalo,14442,NY
New York,59773,NY
Orlando,80833,FL
San Francisco,57257,CA
Orlando,99670,FL
Tallahassee,81514,FL
Syracuse,24660,NY
Utica,69962,NY
Pittsburgh,89269,PA
Austin,88158,TX
Austin,43328,TX
Jacksonville,61396,FL
Tampa,55954,FL
New York,78613,NY
Orlando,77024,FL
New Rochelle,69695,NY
New York,57666,NY
Utica,48147,NY
Miami,95697,FL
St. Petersburg,16254,FL
Syracuse,25038,NY
Allentown,66695,PA
Austin,33071,TX
Yonkers,90895,NY
Los Angeles,14732,CA
Philadelphia,92739,PA
Hialeah,9594,FL
Tallahassee,73301,FL
Allentown,46624,PA
Yonkers,55504,NY
Tampa,23346,FL
Orlando,76277,FL
New York,59465,NY
Pittsburgh,11363,PA
Orlando,37354,FL
Orlando,99645,FL
Tallahassee,51053,FL
New York,98871,NY
Austin,97002,TX
Syracuse,45752,NY
Houston,79091,TX
Mount Vernon,59145,NY
St. Petersburg,85035,FL
Buffalo,66017,NY
Allentown,72156,PA
New York,19586,NY
Orlando,71112,FL
Tallahassee,34904,FL
Los Angeles,45567,CA
San Antonio,60035,TX
Yonkers,69005,NY
Austin,86493,TX
New Rochelle,39335,NY
Orlando,1757,FL
Orlando,45711,FL
St. Petersburg,1482,FL
San Francisco,76142,CA
Albany,50028,NY
Houston,71760,TX
Albany,46565,NY
Allentown,54496,PA
San Jose,24175,CA
Buffalo,47919,NY
Dallas,83777,TX
Rochester,6681,NY
Syracuse,71291,NY
San Antonio,96119,TX
San Francisco,68478,CA
Fresno,87151,CA
Miami,84720,FL
St. Petersburg,65661,FL
Allentown,17307,PA
Rochester,80631,NY
San Diego,85884,CA
Los Angeles,3746,CA
New Rochelle,22032,NY
Utica,64428,NY
New York,11513,NY
Syracuse,72731,NY
Pittsburgh,42003,PA
New Rochelle,77272,NY
Syracuse,42702,NY
St. Petersburg,52716,FL
Syracuse,15318,NY
Philadelphia,83163,PA
New York,1268,NY
Fort Worth,97030,TX
Albany,29402,NY
San Antonio,82391,TX
Yonkers,98946,NY
New York,75712,NY
Fort Worth,29445,TX
Syracuse,52289,NY
Allentown,56832,PA
San Jose,78255,CA
San Antonio,48418,TX
Syracuse,11958,NY
Fresno,72261,CA
Austin,71642,TX
Houston,83101,TX
Fort Worth,52542,TX
El Paso,94951,TX
Tampa,50007,FL
Houston,91502,TX
Syracuse,46384,NY
Los Angeles,13466,CA
Los Angeles,62430,CA
Orlando,91205,FL
Miami,70077,FL
Jacksonville,24794,FL
Jacksonville,62159,FL
San Jose,27510,CA
Tallahassee,8637,FL
Tallahassee,5604,FL
San Diego,65926,CA
Tampa,37733,FL
Austin,4302,TX
Fort Worth,84820,TX
Philadelphia,9117,PA
Los Angeles,2384,CA
San Jose,91563,CA
Hialeah,77525,FL
Los Angeles,3762,CA
New Rochelle,37569,NY
Dallas,63563,TX
New Rochelle,16752,NY
Albany,35083,NY
Fort Worth,86452,TX
St. Petersburg,35339,FL
Utica,13348,NY
San Diego,28680,CA
Miami,47647,FL
Rochester,35951,NY
Philadelphia,5519,PA
Hialeah,96028,FL
San Diego,1362,CA
St. Petersburg,54793,FL
New York,44771,NY
Tallahassee,21304,FL
Jacksonville,57760,FL
Albany,27036,NY
San Diego,27147,CA
San Jose,96515,CA
Yonkers,70361,NY
Mount Vernon,20438,NY
Pittsburgh,36692,PA
Yonkers,83550,NY
Allentown,30773,PA
Tampa,50808,FL
San Diego,66041,CA
Fort Worth,16876,TX
Yonkers,88922,NY
Houston,72830,TX
Buffalo,92370,NY
St. Petersburg,40266,FL
Mount Vernon,56757,NY
Albany,63023,NY
Hialeah,37067,FL
Syracuse,48416,NY
Mount Vernon,75873,NY
San Diego,98814,CA
Miami,51417,FL
Pittsburgh,18164,PA
Philadelphia,51403,PA
San Jose,84879,CA
San Diego,24408,CA
Tallahassee,83220,FL
Rochester,62194,NY
Hialeah,96478,FL
Yonkers,12102,NY
Allentown,87699,PA
San Jose,95016,CA
Hialeah,69477,FL
St. Petersburg,94580,FL
New York,37462,NY
Syracuse,9611,NY
Jacksonville,58230,FL
Mount Vernon,8963,NY
Tampa,93789,FL
Los Angeles,83647,CA
Austin,24134,TX
Los Angeles,30205,CA
Pittsburgh,88927,PA
Fresno,49040,CA
Houston,35788,TX
San Diego,67065,CA
Austin,94029,TX
El Paso,97091,TX
Mount Vernon,30080,NY
St. Petersburg,49813,FL
Tallahassee,75587,FL
Los Angeles,7107,CA
Austin,36890,TX
Tampa,73211,FL
Fort Worth,25105,TX
San Antonio,52620,TX
New Rochelle,2980,NY
Hialeah,88806,FL
St. Petersburg,5261,FL
Los Angeles,84275,CA
Yonkers,7417,NY
Rochester,9254,NY
Mount Vernon,67266,NY
San Diego,35745,CA
Albany,90259,NY
Philadelphia,7861,PA
El Paso,72510,TX
Allentown,29902,PA
Hialeah,21165,FL
Houston,97849,TX
New York,76742,NY
Fresno,89852,CA
St. Petersburg,14647,FL
Fort Worth,83435,TX
Utica,30021,NY
Allentown,29952,PA
Buffalo,17162,NY
San Diego,88433,CA
Tallahassee,85972,FL
Tallahassee,1726,FL
San Jose,79898,CA
Pittsburgh,81232,PA
Buffalo,92571,NY
Mount Vernon,79192,NY
Tallahassee,68407,FL
San Antonio,88293,TX
Dallas,98327,TX
Hialeah,94881,FL
Yonkers,85756,NY
Houston,88112,TX
New Rochelle,22554,NY
Orlando,50152,FL
St. Petersburg,84514,FL
Fort Worth,39994,TX
Tallahassee,56299,FL
Rochester,62002,NY
Miami,70727,FL
San Antonio,60757,TX
Miami,39207,FL
Buffalo,13395,NY
Dallas,22547,TX
Syracuse,91380,NY
Pittsburgh,57186,PA
Austin,28085,TX
Miami,9980,FL
San Francisco,53647,CA
Utica,98831,NY
Pittsburgh,68590,PA
Hialeah,82168,FL
Orlando,11397,FL
Hialeah,72883,FL
El Paso,61096,TX
San Diego,59365,CA
El Paso,13332,TX
Orlando,4567,FL
El Paso,62563,TX
St. Petersburg,7152,FL
Tallahassee,86436,FL
Orlando,4635,FL
Tampa,14395,FL
Rochester,88972,NY
New Rochelle,4078,NY
Orlando,82882,FL
Tallahassee,31126,FL
Utica,31474,NY
Pittsburgh,60905,PA
Dallas,8015,TX
Miami,50171,FL
Hialeah,11604,FL
Fort Worth,97677,TX
Miami,60070,FL
San Francisco,30053,CA
San Antonio,27076,TX
New York,7976,NY
Hialeah,23106,FL
Miami,55329,FL
Dallas,18909,TX
Utica,65122,NY
Mount Vernon,30699,NY
Tampa,47441,FL
Tallahassee,60192,FL
St. Petersburg,87545,FL
Buffalo,15075,NY
Jacksonville,4093,FL
Albany,11916,NY
Fort Worth,41400,TX
Yonkers,70798,NY
New Rochelle,65270,NY
Tallahassee,49742,FL
Jacksonville,47970,FL
Philadelphia,64273,PA
Allentown,39907,PA
San Francisco,88419,CA
Tallahassee,93560,FL
Buffalo,48557,NY
Fort Worth,13723,TX
El Paso,49998,TX
Syracuse,93906,NY
Tallahassee,41523,FL
Philadelphia,24235,PA
New Rochelle,72505,NY
Albany,81351,NY
Utica,16881,NY
Allentown,75408,PA
Fort Worth,15250,TX
Fresno,8860,CA
Hialeah,40566,FL
Fort Worth,44779,TX
Jacksonville,60148,FL
Syracuse,85090,NY
Albany,20516,NY
Dallas,17713,TX
Orlando,22035,FL
Dallas,91893,TX
Mount Vernon,42675,NY
Hialeah,63817,FL
Miami,79718,FL
Albany,51669,NY
New York,57922,NY
Orlando,49973,FL
Albany,54241,NY
San Jose,28842,CA
Allentown,59896,PA
Albany,9721,NY
Mount Vernon,40003,NY
Tallahassee,58318,FL
Pittsburgh,77252,PA
Orlando,25586,FL
St. Petersburg,17002,FL
Fort Worth,7961,TX
San Diego,17060,CA
Yonkers,86902,NY
San Francisco,24264,CA
Tallahassee,99940,FL
St. Petersburg,76716,FL
Houston,2898,TX
Orlando,90500,FL
Buffalo,97668,NY
Fresno,3966,CA
Houston,30708,TX
Fresno,43866,CA
San Jose,24468,CA
San Francisco,48998,CA
Philadelphia,12646,PA
Orlando,93922,FL
Pittsburgh,8648,PA
New Rochelle,28773,NY
Yonkers,69306,NY
Yonkers,59246,NY
Pittsburgh,76070,PA
Philadelphia,5600,PA
Hialeah,22693,FL
Orlando,12150,FL
Rochester,1712,NY
Austin,5022,TX
Tallahassee,16358,FL
El Paso,81238,TX
Buffalo,74091,NY
Houston,72780,TX
Orlando,17644,FL
Miami,55801,FL
San Antonio,10758,TX
Los Angeles,13957,CA
Albany,42239,NY
Los Angeles,46619,CA
Tallahassee,81763,FL
Albany,77056,NY
New York,68518,NY
Pittsburgh,32532,PA
Philadelphia,34013,PA
Orlando,32481,FL
San Diego,37865,CA
Allentown,15853,PA
San Diego,29224,CA
Rochester,84177,NY
Miami,8664,FL
San Francisco,50162,CA
New York,40455,NY
Allentown,24254,PA
Pittsburgh,50252,PA
San Francisco,41912,CA
Orlando,15112,FL
Jacksonville,37624,FL
San Antonio,49248,TX
Mount Vernon,41967,NY
El Paso,39405,TX
El Paso,72381,TX
Fort Worth,73405,TX
Dallas,12786,TX
St. Petersburg,60352,FL
St. Petersburg,32788,FL
Tampa,40904,FL
St. Petersburg,81796,FL
Jacksonville,35756,FL
Pittsburgh,51316,PA
San Jose,12409,CA
New York,7481,NY
Los Angeles,81940,CA
San Diego,41531,CA
San Antonio,9186,TX
Los Angeles,45349,CA
Houston,47539,TX
Albany,83884,NY
Albany,10138,NY
New York,63165,NY
El Paso,11916,TX
Hialeah,72427,FL
Miami,72663,FL
New Rochelle,78202,NY
Orlando,50354,FL
San Antonio,68884,TX
Austin,99326,TX
Yonkers,52981,NY
Jacksonville,21520,FL
Los Angeles,47396,CA
Hialeah,70763,FL
Fresno,14526,CA
Tampa,75358,FL
Dallas,81346,TX
Orlando,64503,FL
Pittsburgh,63348,PA
Allentown,31923,PA
Hialeah,64161,FL
San Antonio,94180,TX
Utica,49693,NY
Fresno,22768,CA
St. Petersburg,78271,FL
Orlando,67866,FL
Syracuse,11928,NY
Tallahassee,45832,FL
New Rochelle,61439,NY
Jacksonville,20339,FL
Orlando,18533,FL
Tallahassee,89625,FL
Tampa,99246,FL
Fort Worth,32917,TX
Philadelphia,63053,PA
Orlando,87069,FL
Allentown,77588,PA
Orlando,4329,FL
Los Angeles,36821,CA
Hialeah,97341,FL
New York,755,NY
Tallahassee,40784,FL
Buffalo,73851,NY
Orlando,78672,FL
Syracuse,74973,NY
New Rochelle,70374,NY
Los Angeles,29134,CA
Syracuse,34793,NY
Tampa,57394,FL
San Diego,42804,CA
Dallas,97320,TX
Allentown,5604,PA
Yonkers,70733,NY
Syracuse,69609,NY
El Paso,29783,TX
San Antonio,66885,TX
Syracuse,43502,NY
San Antonio,81364,TX
El Paso,47564,TX
Fort Worth,81956,TX
Fresno,73705,CA
Fort Worth,98827,TX
Yonkers,42158,NY
Rochester,55069,NY
New York,49409,NY
Tampa,45152,FL
Dallas,94871,TX
San Jose,90637,CA
St. Petersburg,3979,FL
Mount Vernon,76361,NY
Tallahassee,56979,FL
Buffalo,90713,NY
Miami,17455,FL
Austin,61677,TX
Fresno,65060,CA
Dallas,41926,TX
St. Petersburg,18382,FL
New York,6192,NY
Hialeah,98592,FL
Fresno,67777,CA
Syracuse,67720,NY
San Jose,43604,CA
El Paso,50411,TX
Pittsburgh,36530,PA
New York,34947,NY
Dallas,16165,TX
St. Petersburg,54107,FL
San Diego,98841,CA
Philadelphia,20740,PA
St. Petersburg,40821,FL
Orlando,83925,FL
Mount Vernon,33539,NY
El Paso,14558,TX
Utica,77930,NY
Fort Worth,16217,TX
San Diego,23483,CA
San Francisco,40088,CA
Los Angeles,94520,CA
Philadelphia,4925,PA
Dallas,14926,TX
Jacksonville,71582,FL
Fresno,93354,CA
Austin,69127,TX
Fresno,54540,CA
Philadelphia,29710,PA
Houston,68727,TX
San Jose,13638,CA
Fort Worth,21102,TX
El Paso,92595,TX
Syracuse,34712,NY
San Diego,92843,CA
Allentown,47283,PA
Yonkers,12966,NY
Albany,40287,NY
Philadelphia,57045,PA
Dallas,54676,TX
Los Angeles,54333,CA
Austin,67365,TX
Mount Vernon,26941,NY
Mount Vernon,20412,NY
Jacksonville,89360,FL
Rochester,82279,NY
Pittsburgh,14368,PA
Orlando,15406,FL
Albany,51850,NY
Jacksonville,35106,FL
New Rochelle,50098,NY
Miami,83920,FL
Buffalo,24731,NY
Tallahassee,22921,FL
Jacksonville,4233,FL
Allentown,12933,PA
Fort Worth,19506,TX
Miami,51414,FL
Albany,89353,NY
Albany,91549,NY
San Jose,42686,CA
Hialeah,94083,FL
Houston,32962,TX
Orlando,70851,FL
New York,77719,NY
Mount Vernon,28996,NY
Pittsburgh,23868,PA
Tampa,49419,FL
Pittsburgh,3400,PA
Yonkers,75301,NY
Philadelphia,3999,PA
Jacksonville,75469,FL
Tampa,90652,FL
Mount Vernon,97882,NY
El Paso,29389,TX
Tampa,28677,FL
Austin,68324,TX
Syracuse,16337,NY
Tampa,88656,FL
Yonkers,89314,NY
San Jose,35914,CA
Philadelphia,68763,PA
El Paso,62370,TX
Albany,85047,NY
Albany,42794,NY
Philadelphia,60283,PA
Jacksonville,13136,FL
Dallas,1642,TX
Utica,49043,NY
St. Petersburg,18327,FL
Austin,26825,TX
St. Petersburg,73684,FL
New Rochelle,53139,NY
San Francisco,66638,CA
Tallahassee,95413,FL
New York,34435,NY
St. Petersburg,36328,FL
Albany,55933,NY
Orlando,43118,FL
Buffalo,2110,NY
Tallahassee,2668,FL
New Rochelle,33980,NY
Buffalo,68466,NY
Tampa,35622,FL
San Francisco,88319,CA
Fort Worth,9333,TX
Syracuse,53115,NY
Fresno,92389,CA
Jacksonville,22885,FL
Jacksonville,30915,FL
Pittsburgh,99567,PA
St. Petersburg,53272,FL
Syracuse,26918,NY
Albany,42831,NY
Philadelphia,35771,PA
El Paso,55001,TX
San Antonio,8846,TX
Houston,18697,TX
San Antonio,47786,TX
San Francisco,66297,CA
New Rochelle,32260,NY
Tampa,81706,FL
Orlando,85807,FL
Houston,39859,TX
Fresno,56682,CA
Allentown,44541,PA
Austin,25410,TX
San Antonio,55107,TX
Fresno,41254,CA
Syracuse,32588,NY
Miami,31940,FL
Rochester,64452,NY
Austin,72223,TX
Houston,28057,TX
Utica,88570,NY
San Diego,6674,CA
Miami,41835,FL
Fresno,55532,CA
Fort Worth,6720,TX
Utica,30170,NY
Pittsburgh,53723,PA
El Paso,6341,TX
Philadelphia,47255,PA
San Antonio,77478,TX
Tallahassee,96153,FL
Houston,16745,TX
El Paso,78058,TX
Hialeah,63416,FL
Jacksonville,48198,FL
San Diego,87559,CA
Miami,18429,FL
Philadelphia,47969,PA
Buffalo,7382,NY
Fresno,71334,CA
Houston,91615,TX
Pittsburgh,81992,PA
Syracuse,95826,NY
Albany,30482,NY
San Jose,44680,CA
Miami,52755,FL
St. Petersburg,22529,FL
Utica,33027,NY
Fort Worth,89138,TX
Pittsburgh,87981,PA
Dallas,60786,TX
Orlando,38969,FL
Rochester,78774,NY
Pittsburgh,96821,PA
Yonkers,40970,NY
El Paso,49558,TX
Los Angeles,68173,CA
Syracuse,28926,NY
St. Petersburg,1731,FL
Austin,29519,TX
San Diego,31035,CA
El Paso,49395,TX
New York,71390,NY
Dallas,76774,TX
Austin,69303,TX
Austin,2646,TX
Hialeah,16600,FL
Tampa,14812,FL
Allentown,1112,PA
Hialeah,6831,FL
New York,87738,NY
Albany,52333,NY
San Antonio,29973,TX
New Rochelle,2203,NY
Fort Worth,68498,TX
Austin,40428,TX
Fort Worth,52125,TX
Allentown,71624,PA
Orlando,78845,FL
San Diego,83972,CA
Tallahassee,74570,FL
St. Petersburg,71095,FL
El Paso,64525,TX
Albany,41199,NY
Philadelphia,49173,PA
El Paso,30141,TX
San Diego,27905,CA
Utica,73565,NY
San Francisco,76527,CA
Philadelphia,43464,PA
Albany,23918,NY
San Francisco,64748,CA
San Jose,41503,CA
New Rochelle,15491,NY
Albany,53403,NY
Rochester,56312,NY
New Rochelle,52293,NY
Tallahassee,20980,FL
San Francisco,82008,CA
Buffalo,80591,NY
Orlando,9759,FL
San Jose,25679,CA
St. Petersburg,78625,FL
Buffalo,94395,NY
Buffalo,78544,NY
Jacksonville,12936,FL
San Antonio,68492,TX
Philadelphia,49148,PA
Fresno,41529,CA
Austin,75802,TX
Syracuse,71352,NY
San Francisco,9913,CA
Albany,70851,NY
Orlando,2490,FL
Pittsburgh,69525,PA
Austin,61658,TX
Hialeah,91882,FL
Albany,45672,NY
Dallas,57633,TX
Fresno,9054,CA
New Rochelle,31275,NY
Buffalo,78683,NY
Orlando,34607,FL
Tallahassee,54376,FL
San Francisco,89536,CA
Miami,62697,FL
Buffalo,96195,NY
New York,4911,NY
Yonkers,53402,NY
Fort Worth,28816,TX
Yonkers,16945,NY
Mount Vernon,62459,NY
Syracuse,35319,NY
Austin,77408,TX
San Antonio,23004,TX
Jacksonville,39692,FL
Orlando,36093,FL
Utica,96749,NY
San Jose,25810,CA
Syracuse,85738,NY
Syracuse,75893,NY
San Jose,57874,CA
San Diego,18869,CA
Philadelphia,62851,PA
San Antonio,67226,TX
Albany,3170,NY
Philadelphia,11543,PA
Allentown,61192,PA
Pittsburgh,89628,PA
San Diego,36202,CA
Tallahassee,54358,FL
Los Angeles,1736,CA
Austin,40339,TX
Tallahassee,81818,FL
Fresno,2787,CA
Fresno,82936,CA
San Francisco,82275,CA
Rochester,35732,NY
San Jose,19417,CA
Tampa,41600,FL
San Antonio,60444,TX
Rochester,91537,NY
Dallas,19421,TX
New York,47249,NY
San Diego,31737,CA
Dallas,68794,TX
Miami,58411,FL
El Paso,40775,TX
Miami,35968,FL
Allentown,44132,PA
San Antonio,2773,TX
Los Angeles,79322,CA
Rochester,95046,NY
Allentown,14217,PA
El Paso,42243,TX
Allentown,21008,PA
San Jose,16941,CA
Houston,91607,TX
Philadelphia,53404,PA
Jacksonville,4060,FL
Yonkers,89009,NY
San Diego,2317,CA
Houston,12666,TX
Orlando,19436,FL
San Francisco,82572,CA
Houston,24609,TX
New York,94462,NY
Rochester,65429,NY
Albany,80345,NY
San Jose,49722,CA
Fort Worth,53543,TX
Yonkers,50901,NY
Utica,22504,NY
Austin,61707,TX
El Paso,68468,TX
New Rochelle,24639,NY
Rochester,20444,NY
Fresno,18569,CA
Philadelphia,73376,PA
Rochester,38810,NY
Dallas,55326,TX
San Antonio,80569,TX
New York,20348,NY
Pittsburgh,79164,PA
San Diego,66480,CA
St. Petersburg,67116,FL
Tampa,90324,FL
Tampa,65103,FL
Rochester,98348,NY
El Paso,18251,TX
Los Angeles,75344,CA
Utica,34782,NY
Philadelphia,71557,PA
El Paso,83125,TX
Buffalo,72123,NY
Orlando,25089,FL
Syracuse,2480,NY
Houston,29752,TX
Orlando,51919,FL
San Francisco,91008,CA
Jacksonville,45561,FL
San Jose,49696,CA
Fresno,49306,CA
Los Angeles,18413,CA
San Diego,9047,CA
Albany,34166,NY
San Diego,18644,CA
Los Angeles,57080,CA
New Rochelle,98528,NY
San Jose,94517,CA
San Jose,28687,CA
Rochester,49873,NY
El Paso,75782,TX
New York,18789,NY
Yonkers,62069,NY
Utica,70698,NY
Miami,44716,FL
Albany,73312,NY
Buffalo,55903,NY
Rochester,17017,NY
Mount Vernon,28638,NY
Buffalo,15786,NY
Austin,57216,TX
Rochester,16408,NY
El Paso,85630,TX
San Antonio,32975,TX
San Francisco,89498,CA
Jacksonville,23467,FL
Austin,5151,TX
San Francisco,97716,CA
Tampa,47130,FL
Rochester,52364,NY
El Paso,98776,TX
Mount Vernon,27871,NY
Pittsburgh,95603,PA
Tallahassee,92700,FL
Buffalo,65195,NY
Fort Worth,19561,TX
Dallas,24350,TX
Los Angeles,601,CA
Utica,97588,NY
Fresno,36961,CA
Philadelphia,77890,PA
Hialeah,24772,FL
Mount Vernon,96768,NY
St. Petersburg,23016,FL
Los Angeles,98830,CA
Fresno,96869,CA
Dallas,40167,TX
Tampa,67687,FL
San Diego,4545,CA
Albany,21816,NY
Albany,72957,NY
Allentown,55820,PA
Pittsburgh,14764,PA
Tampa,54965,FL
Dallas,15167,TX
Syracuse,12646,NY
St. Petersburg,24212,FL
Mount Vernon,82912,NY
San Jose,80616,CA
Orlando,41890,FL
Mount Vernon,60173,NY
Buffalo,688,NY
Dallas,44286,TX
Austin,68335,TX
Mount Vernon,34555,NY
Syracuse,79653,NY
Yonkers,32970,NY
Philadelphia,3153,PA
San Jose,24607,CA
Houston,25309,TX
Rochester,17844,NY
Tampa,68375,FL
St. Petersburg,36571,FL
Los Angeles,37910,CA
San Antonio,36576,TX
San Francisco,85223,CA
Utica,19464,NY
Utica,3424,NY
Mount Vernon,49171,NY
El Paso,75270,TX
Jacksonville,20260,FL
Fort Worth,52358,TX
El Paso,12388,TX
New York,94526,NY
San Diego,98063,CA
Jacksonville,95666,FL
Rochester,58567,NY
Philadelphia,82851,PA
Miami,12676,FL
San Jose,13728,CA
Jacksonville,44826,FL
Pittsburgh,92155,PA
Albany,40342,NY
Hialeah,20075,FL
Utica,74210,NY
El Paso,40944,TX
San Francisco,32736,CA
Rochester,55168,NY
El Paso,71444,TX
Allentown,38657,PA
Albany,7927,NY
Mount Vernon,44090,NY
Tallahassee,34281,FL
Fresno,9849,CA
El Paso,78130,TX
New York,70486,NY
Yonkers,24816,NY
San Antonio,20901,TX
Miami,83955,FL
Rochester,72107,NY
Pittsburgh,37313,PA
San Francisco,68855,CA
New Rochelle,28206,NY
El Paso,60314,TX
Rochester,84819,NY
Fort Worth,82809,TX
New Rochelle,3743,NY
Tampa,80543,FL
Jacksonville,49024,FL
Pittsburgh,65785,PA
Houston,20845,TX
Jacksonville,47390,FL
San Diego,32620,CA
Houston,24169,TX
Allentown,665,PA
Rochester,1744,NY
El Paso,54167,TX
Philadelphia,83272,PA
Utica,40554,NY
Houston,16473,TX
Orlando,74656,FL
Houston,82579,TX
Philadelphia,87744,PA
Miami,30399,FL
Fresno,59183,CA
Miami,45985,FL
San Antonio,24946,TX
Tallahassee,5979,FL
Allentown,95101,PA
Philadelphia,11173,PA
Albany,46953,NY
Orlando,74209,FL
San Francisco,76920,CA
Austin,50562,TX
Tampa,90495,FL
Tampa,6012,FL
El Paso,46110,TX
San Diego,20311,CA
Dallas,30514,TX
Tallahassee,67529,FL
New Rochelle,76320,NY
Yonkers,50041,NY
Buffalo,52471,NY
Allentown,91387,PA
San Francisco,69166,CA
Syracuse,44570,NY
San Francisco,5592,CA
Houston,11027,TX
Tallahassee,60995,FL
St. Petersburg,5912,FL
Los Angeles,8576,CA
San Diego,71121,CA
Syracuse,48596,NY
Houston,15419,TX
Fort Worth,38037,TX
San Antonio,56721,TX
St. Petersburg,45246,FL
El Paso,63444,TX
El Paso,99303,TX
Yonkers,58632,NY
Jacksonville,22021,FL
Los Angeles,84166,CA
Jacksonville,78257,FL
Dallas,54760,TX
Fresno,91983,CA
Los Angeles,64431,CA
San Jose,93356,CA
Buffalo,12168,NY
San Jose,37371,CA
Buffalo,21135,NY
San Francisco,40543,CA
New Rochelle,45975,NY
Houston,27736,TX
Austin,42240,TX
Philadelphia,37160,PA
Philadelphia,65338,PA
Pittsburgh,63707,PA
Fort Worth,32639,TX
San Antonio,98597,TX
Los Angeles,12787,CA
Tampa,74020,FL
Fort Worth,98465,TX
Buffalo,89349,NY
Houston,36117,TX
San Diego,34095,CA
San Francisco,13487,CA
Austin,84336,TX
Miami,13426,FL
Syracuse,1946,NY
Utica,13794,NY
Pittsburgh,47413,PA
Mount Vernon,40786,NY
Tampa,94220,FL
Pittsburgh,54890,PA
Jacksonville,32507,FL
Yonkers,91447,NY
Hialeah,50706,FL
San Antonio,15077,TX
Yonkers,75871,NY
Hialeah,11330,FL
Pittsburgh,12986,PA
Tallahassee,5435,FL
San Diego,90041,CA
Hialeah,50830,FL
Pittsburgh,37359,PA
Mount Vernon,74763,NY
San Jose,83121,CA
Buffalo,40360,NY
Jacksonville,1284,FL
San Antonio,13804,TX
Dallas,26201,TX
Buffalo,25042,NY
Orlando,47008,FL
Philadelphia,1758,PA
Orlando,7279,FL
Fort Worth,82065,TX
Fort Worth,36804,TX
Dallas,50701,TX
Fresno,26051,CA
Rochester,29601,NY
Austin,50490,TX
Miami,99507,FL
New York,22489,NY
Jacksonville,13446,FL
Jacksonville,4261,FL
Fort Worth,65717,TX
Houston,93544,TX
Los Angeles,18434,CA
Pittsburgh,64583,PA
Fort Worth,29390,TX
New York,12487,NY
Dallas,19690,TX
Syracuse,84600,NY
Tallahassee,80851,FL
Austin,78548,TX
Pittsburgh,65655,PA
St. Petersburg,9886,FL
Tampa,41620,FL
Los Angeles,9439,CA
Rochester,60844,NY
Pittsburgh,52039,PA
Los Angeles,70530,CA
Pittsburgh,93574,PA
Fresno,62480,CA
St. Petersburg,55436,FL
Tallahassee,24207,FL
New Rochelle,5489,NY
Orlando,17113,FL
Rochester,44752,NY
Tampa,34395,FL
El Paso,92003,TX
Jacksonville,82588,FL
Fort Worth,51432,TX
Allentown,27209,PA
San Francisco,95732,CA
Tampa,2860,FL
El Paso,58718,TX
New York,38533,NY
Austin,7613,TX
Houston,5759,TX
Orlando,71821,FL
San Antonio,22813,TX
Hialeah,27797,FL
Hialeah,42643,FL
Allentown,50525,PA
Mount Vernon,48921,NY
Philadelphia,26501,PA
Buffalo,92440,NY
San Jose,47760,CA
Fort Worth,82861,TX
Albany,49889,NY
Miami,5266,FL
San Diego,78500,CA
New Rochelle,58460,NY
Buffalo,79876,NY
Dallas,73096,TX
Pittsburgh,84019,PA
Tallahassee,86806,FL
Hialeah,59774,FL
El Paso,576,TX
New York,97274,NY
New Rochelle,25205,NY
Pittsburgh,20585,PA
Allentown,36401,PA
Jacksonville,42430,FL
Jacksonville,22026,FL
New Rochelle,65574,NY
Orlando,18238,FL
Rochester,59421,NY
St. Petersburg,44185,FL
Fort Worth,86878,TX
Utica,97030,NY
Philadelphia,83116,PA
San Antonio,63411,TX
Jacksonville,83182,FL
St. Petersburg,42767,FL
El Paso,7748,TX
San Jose,58889,CA
Philadelphia,10991,PA
Orlando,43836,FL
Dallas,57617,TX
Hialeah,49035,FL
Houston,94772,TX
New Rochelle,43116,NY
San Antonio,99855,TX
New Rochelle,82872,NY
Dallas,57470,TX
Fresno,24983,CA
San Diego,67468,CA
Tallahassee,35306,FL
Utica,83739,NY
Tampa,1827,FL
Dallas,20535,TX
Orlando,6232,FL
Fort Worth,82207,TX
Yonkers,34627,NY
San Francisco,90430,CA
Houston,49123,TX
New Rochelle,14104,NY
Pittsburgh,84468,PA
Philadelphia,3812,PA
St. Petersburg,62671,FL
New Rochelle,49769,NY
Austin,63910,TX
Houston,77308,TX
Buffalo,5579,NY
Syracuse,86150,NY
Yonkers,64522,NY
Utica,22175,NY
San Jose,20822,CA
St. Petersburg,21567,FL
Mount Vernon,74061,NY
Houston,27628,TX
San Diego,8849,CA
Miami,8801,FL
Austin,22005,TX
Jacksonville,4933,FL
Yonkers,88134,NY
Fort Worth,23452,TX
Dallas,8568,TX
San Antonio,67462,TX
New Rochelle,64578,NY
Miami,68500,FL
Philadelphia,32371,PA
Buffalo,16352,NY
Houston,21974,TX
Allentown,55139,PA
Syracuse,93497,NY
Miami,24965,FL
Rochester,20331,NY
New York,46458,NY
Los Angeles,86159,CA
Tampa,51206,FL
Jacksonville,10543,FL
San Diego,9214,CA
Albany,55249,NY
Fort Worth,97042,TX
San Diego,46622,CA
Pittsburgh,28666,PA
Pittsburgh,24792,PA
New York,10746,NY
Mount Vernon,42766,NY
Allentown,91311,PA
Albany,5147,NY
Rochester,97649,NY
Allentown,54548,PA
Los Angeles,49697,CA
Rochester,42767,NY
Buffalo,77300,NY
Jacksonville,88053,FL
Austin,88369,TX
St. Petersburg,33557,FL
San Diego,21578,CA
Mount Vernon,22936,NY
Fort Worth,1419,TX
Utica,63201,NY
Syracuse,76676,NY
Utica,92525,NY
San Jose,56447,CA
Miami,81997,FL
San Francisco,19543,CA
Austin,57947,TX
Yonkers,75749,NY
San Diego,51416,CA
New Rochelle,20284,NY
Buffalo,61404,NY
Mount Vernon,71469,NY
Tallahassee,15611,FL
Miami,1152,FL
Houston,97649,TX
St. Petersburg,18034,FL
Dallas,43707,TX
Miami,2273,FL
Allentown,8256,PA
Buffalo,1493,NY
Hialeah,58025,FL
Yonkers,90866,NY
El Paso,22521,TX
Tallahassee,79909,FL
San Francisco,3453,CA
St. Petersburg,58977,FL
Jacksonville,58364,FL
Rochester,11922,NY
Austin,84945,TX
Philadelphia,13989,PA
Orlando,82532,FL
Houston,69096,TX
Austin,88151,TX
Fresno,26477,CA
Albany,66450,NY
Fort Worth,34333,TX
Tallahassee,67601,FL
Fresno,43358,CA
Pittsburgh,33411,PA
Tallahassee,28226,FL
Philadelphia,42462,PA
Fort Worth,75437,TX
San Antonio,7012,TX
Mount Vernon,9841,NY
Hialeah,39094,FL
St. Petersburg,12263,FL
San Jose,82514,CA
New Rochelle,62910,NY
Los Angeles,55007,CA
New York,69784,NY
Albany,36725,NY
San Francisco,31318,CA
Los Angeles,62817,CA
New Rochelle,9032,NY
Orlando,44943,FL
Philadelphia,83579,PA
Miami,58171,FL
Utica,69571,NY
Mount Vernon,70113,NY
Mount Vernon,81723,NY
San Jose,71783,CA
New York,42537,NY
Utica,55709,NY
Tallahassee,60341,FL
San Francisco,92941,CA
Tallahassee,39996,FL
Dallas,1182,TX
Jacksonville,63694,FL
Rochester,72751,NY
Rochester,1322,NY
Hialeah,87529,FL
Fort Worth,99460,TX
Syracuse,61485,NY
New York,61791,NY
Philadelphia,23110,PA
San Antonio,77278,TX
Fort Worth,95757,TX
Miami,88944,FL
Dallas,46464,TX
Yonkers,99782,NY
Allentown,18019,PA
Albany,87705,NY
Pittsburgh,88940,PA
Pittsburgh,99591,PA
Allentown,66226,PA
Tampa,57071,FL
Utica,47006,NY
Jacksonville,44049,FL
New Rochelle,11324,NY
Rochester,48387,NY
Rochester,92363,NY
Hialeah,60631,FL
Tallahassee,58926,FL
Orlando,23887,FL
Tallahassee,79643,FL
Houston,68168,TX
Syracuse,79338,NY
Los Angeles,31982,CA
San Diego,26215,CA
Pittsburgh,33996,PA
Utica,88813,NY
St. Petersburg,29834,FL
Jacksonville,23907,FL
El Paso,57668,TX
Syracuse,93476,NY
Pittsburgh,96139,PA
Rochester,68726,NY
El Paso,96798,TX
Jacksonville,49363,FL
Buffalo,38188,NY
Rochester,62444,NY
St. Petersburg,47772,FL
Mount Vernon,83430,NY
Orlando,68641,FL
San Diego,89864,CA
Orlando,87928,FL
Philadelphia,89602,PA
St. Petersburg,79712,FL
Rochester,35949,NY
San Diego,88849,CA
Allentown,65756,PA
Allentown,7667,PA
El Paso,59472,TX
San Antonio,86731,TX
Rochester,63566,NY
Syracuse,81980,NY
Fort Worth,3310,TX
Mount Vernon,66306,NY
San Diego,75270,CA
El Paso,88195,TX
Fresno,59362,CA
Orlando,45839,FL
Fort Worth,82055,TX
New York,26623,NY
Austin,78849,TX
Austin,95766,TX
Buffalo,61799,NY
Allentown,77937,PA
San Antonio,80117,TX
Houston,50556,TX
Miami,54326,FL
San Antonio,72743,TX
Rochester,22833,NY
Fresno,6334,CA
Pittsburgh,923,PA
Jacksonville,65100,FL
New Rochelle,77306,NY
Utica,26854,NY
Rochester,5517,NY
Houston,71106,TX
Mount Vernon,57954,NY
Allentown,27104,PA
New York,12661,NY
New York,56998,NY
Albany,4501,NY
Miami,21447,FL
Utica,15795,NY
Rochester,18680,NY
St. Petersburg,91182,FL
Fresno,58072,CA
New Rochelle,43919,NY
Yonkers,54630,NY
Buffalo,74135,NY
Rochester,33417,NY
Houston,52352,TX
Tampa,10828,FL
Houston,70257,TX
Austin,35896,TX
Tampa,14466,FL
St. Petersburg,58223,FL
San Jose,48067,CA
Syracuse,11868,NY
Buffalo,15771,NY
Philadelphia,4001,PA
Austin,73715,TX
Mount Vernon,28233,NY
Yonkers,21201,NY
New Rochelle,73853,NY
Yonkers,93405,NY
Hialeah,19625,FL
San Jose,22930,CA
Albany,50949,NY
Tallahassee,23965,FL
Syracuse,92581,NY
Fresno,84786,CA
Miami,83716,FL
Jacksonville,84375,FL
Jacksonville,51992,FL
Hialeah,96548,FL
Philadelphia,2418,PA
Hialeah,55567,FL
Fort Worth,76843,TX
Tampa,48888,FL
Dallas,48132,TX
San Jose,24481,CA
New York,3494,NY
Jacksonville,99776,FL
Mount Vernon,92474,NY
St. Petersburg,28650,FL
Yonkers,35809,NY
Albany,646,NY
New York,47135,NY
San Francisco,57044,CA
Fresno,54728,CA
Hialeah,79426,FL
New York,56317,NY
New Rochelle,63893,NY
Syracuse,95967,NY
Austin,60724,TX
Allentown,69167,PA
San Jose,49495,CA
Fresno,47212,CA
San Jose,17492,CA
San Jose,66407,CA
Buffalo,61355,NY
Philadelphia,23109,PA
Austin,23280,TX
San Diego,36863,CA
Albany,94501,NY
Tallahassee,42554,FL
Orlando,60966,FL
Albany,34966,NY
Jacksonville,62560,FL
Fresno,39531,CA
San Diego,86038,CA
Los Angeles,6405,CA
Houston,45341,TX
Los Angeles,52775,CA
New Rochelle,25383,NY
Mount Vernon,58627,NY
New York,52234,NY
New Rochelle,78839,NY
Rochester,73459,NY
Syracuse,40048,NY
Los Angeles,7767,CA
Hialeah,41487,FL
San Diego,653,CA
New Rochelle,26299,NY
Jacksonville,15075,FL
Tampa,54426,FL
New Rochelle,38836,NY
Fort Worth,2619,TX
St. Petersburg,13190,FL
Albany,37781,NY
Albany,42810,NY
Philadelphia,94458,PA
Buffalo,77525,NY
Tallahassee,43399,FL
Orlando,65342,FL
Pittsburgh,74333,PA
St. Petersburg,32115,FL
New Rochelle,62141,NY
Utica,52123,NY
Miami,84754,FL
Albany,56973,NY
New York,52609,NY
New York,4872,NY
Pittsburgh,45718,PA
Hialeah,44180,FL
Austin,24111,TX
Los Angeles,31149,CA
Tampa,10277,FL
Tampa,89283,FL
New Rochelle,20226,NY
Jacksonville,89797,FL
New Rochelle,56609,NY
Allentown,51867,PA
Albany,62509,NY
Utica,75002,NY
New Rochelle,43662,NY
Pittsburgh,87200,PA
Tallahassee,39351,FL
Jacksonville,86226,FL
Rochester,63985,NY
Pittsburgh,1762,PA
Fresno,26052,CA
New York,3499,NY
Syracuse,57846,NY
Albany,73393,NY
San Antonio,73860,TX
Austin,12167,TX
San Antonio,49265,TX
San Francisco,85567,CA
San Francisco,40099,CA
Fresno,97919,CA
Allentown,733,PA
Miami,76085,FL
Orlando,13418,FL
Philadelphia,48960,PA
Philadelphia,63542,PA
Tallahassee,17864,FL
New York,97230,NY
Los Angeles,20440,CA
El Paso,69570,TX
Philadelphia,46129,PA
Dallas,2888,TX
San Antonio,18301,TX
Philadelphia,89710,PA
Mount Vernon,4274,NY
San Francisco,60139,CA
Orlando,90403,FL
Austin,37079,TX
Fresno,73072,CA
San Jose,23945,CA
El Paso,7304,TX
Utica,40441,NY
Orlando,20722,FL
Albany,70899,NY
Pittsburgh,79574,PA
San Jose,47571,CA
Orlando,72566,FL
Buffalo,71605,NY
Yonkers,63759,NY
New York,68556,NY
Hialeah,88621,FL
Los Angeles,71798,CA
Los Angeles,38217,CA
Hialeah,668,FL
Rochester,20404,NY
San Jose,23152,CA
New York,97873,NY
New York,87586,NY
San Antonio,53764,TX
San Francisco,11187,CA
Los Angeles,34743,CA
Austin,18091,TX
Philadelphia,64611,PA
Los Angeles,75368,CA
Los Angeles,78658,CA
Utica,24319,NY
Rochester,33101,NY
Buffalo,76661,NY
Miami,19713,FL
Fresno,73401,CA
Tampa,77022,FL
Rochester,37922,NY
Austin,81766,TX
Miami,15756,FL
St. Petersburg,30549,FL
El Paso,16577,TX
Rochester,29720,NY
Fresno,25721,CA
St. Petersburg,94120,FL
Los Angeles,42501,CA
Yonkers,9290,NY
Fresno,90454,CA
Tampa,95748,FL
Fresno,80957,CA
Houston,96564,TX
San Francisco,67101,CA
Miami,39245,FL
Yonkers,28405,NY
Houston,36706,TX
Syracuse,843,NY
Austin,38454,TX
Tampa,24749,FL
Jacksonville,68302,FL
Miami,54507,FL
Dallas,76483,TX
Hialeah,92769,FL
Dallas,92843,TX
Miami,66390,FL
New Rochelle,59299,NY
San Diego,94822,CA
Philadelphia,11587,PA
Yonkers,50977,NY
Philadelphia,30290,PA
El Paso,77985,TX
Syracuse,69133,NY
San Francisco,36592,CA
Austin,50188,TX
Dallas,84143,TX
Orlando,45014,FL
Orlando,68991,FL
Albany,91582,NY
Houston,31107,TX
San Jose,7141,CA
Orlando,4164,FL
Jacksonville,88495,FL
San Francisco,59445,CA
Mount Vernon,6590,NY
Houston,11045,TX
San Antonio,16012,TX
El Paso,74523,TX
Jacksonville,26704,FL
San Diego,65726,CA
Philadelphia,14196,PA
Hialeah,80758,FL
San Diego,54182,CA
New York,77920,NY
San Antonio,85940,TX
Rochester,14478,NY
Rochester,56181,NY
Utica,31830,NY
New Rochelle,25934,NY
New York,21107,NY
Allentown,82380,PA
San Jose,74163,CA
El Paso,22722,TX
Miami,66935,FL
Pittsburgh,22532,PA
El Paso,55855,TX
San Francisco,7988,CA
Fresno,66906,CA
Philadelphia,32455,PA
San Francisco,20918,CA
St. Petersburg,98462,FL
Albany,19305,NY
San Antonio,15887,TX
San Francisco,25328,CA
Utica,18847,NY
Austin,56118,TX
San Diego,42524,CA
New Rochelle,46205,NY
San Francisco,12072,CA
St. Petersburg,16465,FL
San Francisco,46306,CA
Los Angeles,25103,CA
Albany,15061,NY
New York,37716,NY
Fort Worth,11472,TX
Pittsburgh,7014,PA
Miami,59939,FL
Fresno,44266,CA
Austin,73377,TX
Fresno,27804,CA
San Francisco,78378,CA
Allentown,1819,PA
Pittsburgh,44330,PA
Los Angeles,61085,CA
Hialeah,3725,FL
Austin,18946,TX
Mount Vernon,31324,NY
San Antonio,72213,TX
Los Angeles,47263,CA
San Diego,62469,CA
Miami,43550,FL
San Antonio,3301,TX
San Diego,83600,CA
San Diego,8934,CA
Syracuse,33140,NY
Austin,31357,TX
Dallas,82712,TX
El Paso,34502,TX
Yonkers,24546,NY
El Paso,11067,TX
Miami,70306,FL
Albany,75089,NY
Dallas,41758,TX
San Francisco,96119,CA
Mount Vernon,83693,NY
San Jose,72073,CA
San Antonio,55695,TX
Jacksonville,55517,FL
New York,62578,NY
San Francisco,88900,CA
Mount Vernon,46148,NY
Fresno,21170,CA
New Rochelle,97526,NY
Mount Vernon,6189,NY
Miami,29971,FL
Albany,64441,NY
Syracuse,95979,NY
Mount Vernon,17787,NY
Rochester,99350,NY
San Diego,63244,CA
Jacksonville,13172,FL
Orlando,3387,FL
St. Petersburg,89501,FL
San Antonio,90180,TX
San Jose,63940,CA
Rochester,17097,NY
Tallahassee,60895,FL
Fort Worth,2103,TX
St. Petersburg,18719,FL
Mount Vernon,67102,NY
Fort Worth,34093,TX
Utica,87496,NY
Los Angeles,26798,CA
Albany,44504,NY
Utica,80432,NY
Allentown,67213,PA
San Antonio,23186,TX
New York,33252,NY
New York,92340,NY
Houston,64546,TX
Houston,13540,TX
San Jose,64429,CA
Los Angeles,55444,CA
Tallahassee,34600,FL
Buffalo,41260,NY
Rochester,11444,NY
San Francisco,8117,CA
Orlando,86000,FL
Utica,93334,NY
Fresno,54941,CA
El Paso,64505,TX
Yonkers,66911,NY
Los Angeles,62347,CA
New Rochelle,12888,NY
Fort Worth,2769,TX
Buffalo,26820,NY
New Rochelle,42581,NY
New York,22042,NY
Austin,15688,TX
El Paso,31852,TX
Albany,48445,NY
Tampa,47188,FL
Fresno,23838,CA
Yonkers,93647,NY
St. Petersburg,25295,FL
Syracuse,27972,NY
Allentown,42227,PA
Houston,43076,TX
Austin,32899,TX
Fresno,516,CA
Utica,67599,NY
Philadelphia,6147,PA
Austin,15827,TX
Syracuse,82522,NY
Dallas,73005,TX
Philadelphia,21619,PA
Allentown,41368,PA
San Jose,78056,CA
Yonkers,19095,NY
Albany,33231,NY
Syracuse,26139,NY
Yonkers,514,NY
San Antonio,46947,TX
Mount Vernon,82170,NY
Utica,73474,NY
Mount Vernon,28251,NY
Yonkers,26641,NY
Utica,67953,NY
Fresno,96042,CA
Los Angeles,33092,CA
Jacksonville,84686,FL
Tallahassee,59300,FL
Utica,62549,NY
Jacksonville,91004,FL
Miami,71720,FL
Dallas,53601,TX
Pittsburgh,91827,PA
San Diego,98804,CA
Rochester,60948,NY
San Francisco,90119,CA
Los Angeles,31602,CA
Hialeah,35385,FL
Buffalo,59956,NY
Miami,46158,FL
Austin,50851,TX
Utica,11464,NY
Syracuse,19119,NY
San Diego,26642,CA
San Francisco,57425,CA
Miami,69516,FL
Tampa,59428,FL
Albany,53826,NY
Pittsburgh,1893,PA
San Diego,82125,CA
San Antonio,3873,TX
Tampa,10740,FL
Jacksonville,32620,FL
Hialeah,80511,FL
New Rochelle,89629,NY
Yonkers,18835,NY
Dallas,8282,TX
Austin,79875,TX
New Rochelle,81923,NY
Tampa,89964,FL
St. Petersburg,21999,FL
Austin,58804,TX
Houston,31508,TX
San Diego,14306,CA
St. Petersburg,87867,FL
San Antonio,13564,TX
Philadelphia,96966,PA
Rochester,18185,NY
San Diego,56521,CA
San Diego,30461,CA
Utica,19639,NY
Philadelphia,18259,PA
Houston,35142,TX
San Diego,71399,CA
New Rochelle,10409,NY
Rochester,28035,NY
Utica,85382,NY
Allentown,94508,PA
Austin,85532,TX
Orlando,61726,FL
El Paso,82734,TX
Allentown,52688,PA
El Paso,92527,TX
Fresno,42814,CA
Pittsburgh,29843,PA
Philadelphia,23520,PA
Tallahassee,98577,FL
Allentown,3941,PA
Syracuse,98647,NY
San Diego,38525,CA
El Paso,66899,TX
New Rochelle,1802,NY
Pittsburgh,77138,PA
Jacksonville,70819,FL
El Paso,16059,TX
St. Petersburg,1190,FL
Albany,74367,NY
St. Petersburg,18823,FL
Tallahassee,638,FL
New Rochelle,84177,NY
Syracuse,76418,NY
Syracuse,13329,NY
New Rochelle,24262,NY
Syracuse,11790,NY
Syracuse,65243,NY
New Rochelle,26072,NY
Austin,35326,TX
San Francisco,45723,CA
Utica,45318,NY
Albany,9412,NY
Tallahassee,4888,FL
Rochester,15730,NY
San Diego,68608,CA
San Antonio,18035,TX
Dallas,3862,TX
San Antonio,71475,TX
Austin,18571,TX
San Antonio,16473,TX
Pittsburgh,10455,PA
Los Angeles,95463,CA
Philadelphia,31807,PA
El Paso,34028,TX
Austin,13340,TX
Austin,96028,TX
San Jose,93444,CA
Los Angeles,84936,CA
Orlando,61259,FL
Orlando,38967,FL
St. Petersburg,96913,FL
San Antonio,50466,TX
Los Angeles,94525,CA
New York,40234,NY
Tallahassee,21132,FL
San Diego,98134,CA
Pittsburgh,6433,PA
Utica,7996,NY
New York,93400,NY
Jacksonville,35336,FL
San Antonio,19059,TX
Jacksonville,42817,FL
Jacksonville,40662,FL
Austin,17288,TX
Orlando,97522,FL
Orlando,66893,FL
San Jose,47246,CA
Fort Worth,38602,TX
New Rochelle,34829,NY
Fort Worth,25248,TX
Buffalo,9333,NY
Mount Vernon,17300,NY
Allentown,27176,PA
San Francisco,11542,CA
Austin,8809,TX
Dallas,93651,TX
Rochester,35888,NY
Jacksonville,19620,FL
St. Petersburg,89029,FL
Houston,94718,TX
Austin,42334,TX
San Antonio,95608,TX
Syracuse,55286,NY
Buffalo,81678,NY
Syracuse,69587,NY
Syracuse,99437,NY
Allentown,58751,PA
Fresno,63912,CA
New York,81861,NY
Houston,95266,TX
Fort Worth,15384,TX
Fresno,21611,CA
Albany,60213,NY
Fort Worth,61226,TX
Allentown,24357,PA
Syracuse,6805,NY
Houston,48565,TX
Los Angeles,39401,CA
Orlando,97762,FL
Utica,11223,NY
Allentown,91198,PA
Dallas,70527,TX
San Antonio,17882,TX
Fresno,8073,CA
Los Angeles,47039,CA
Allentown,85443,PA
Allentown,81037,PA
Houston,91322,TX
Tallahassee,12914,FL
Albany,57649,NY
Mount Vernon,95955,NY
Syracuse,56793,NY
Fresno,44725,CA
Pittsburgh,25665,PA
St. Petersburg,3914,FL
Philadelphia,30150,PA
Fort Worth,96540,TX
El Paso,12795,TX
Tallahassee,20374,FL
Jacksonville,93240,FL
Fort Worth,86364,TX
Mount Vernon,4397,NY
El Paso,95923,TX
San Antonio,53771,TX
Miami,17581,FL
Fort Worth,25807,TX
Tampa,69119,FL
San Antonio,75987,TX
Albany,24295,NY
Allentown,68616,PA
Jacksonville,25890,FL
Hialeah,63964,FL
Fresno,49380,CA
Fresno,24217,CA
Philadelphia,47023,PA
San Jose,43217,CA
San Diego,28544,CA
San Antonio,75523,TX
Austin,71396,TX
Fresno,17133,CA
Houston,89107,TX
Mount Vernon,11936,NY
St. Petersburg,79014,FL
El Paso,88713,TX
San Francisco,56294,CA
Orlando,32016,FL
Rochester,31203,NY
Hialeah,85728,FL
Jacksonville,91727,FL
Pittsburgh,86598,PA
El Paso,9744,TX
Austin,72134,TX
Allentown,94745,PA
Dallas,53722,TX
Jacksonville,71134,FL
Dallas,44752,TX
New York,26430,NY
Albany,84762,NY
San Jose,58348,CA
Pittsburgh,944,PA
St. Petersburg,32219,FL
Albany,78292,NY
Fresno,29184,CA
Utica,76702,NY
Tallahassee,97665,FL
Rochester,58453,NY
New Rochelle,86370,NY
Fort Worth,1460,TX
Fort Worth,74881,TX
New Rochelle,91898,NY
Austin,36475,TX
Hialeah,49621,FL
Los Angeles,42415,CA
Allentown,3387,PA
Fresno,66191,CA
Philadelphia,64247,PA
San Jose,15754,CA
San Diego,3253,CA
New Rochelle,14721,NY
San Antonio,74361,TX
Albany,45605,NY
Fresno,3427,CA
Mount Vernon,23406,NY
St. Petersburg,67313,FL
Hialeah,1149,FL
Buffalo,45653,NY
Philadelphia,46218,PA
Pittsburgh,67648,PA
Philadelphia,78358,PA
Dallas,3308,TX
San Francisco,21381,CA
San Diego,27214,CA
St. Petersburg,87504,FL
Pittsburgh,83911,PA
El Paso,57245,TX
Allentown,42866,PA
Fort Worth,36313,TX
Utica,7094,NY
San Jose,49026,CA
Tallahassee,38972,FL
New York,11762,NY
Jacksonville,60860,FL
Fresno,95221,CA
San Diego,95009,CA
Allentown,90256,PA
St. Petersburg,12166,FL
Rochester,4976,NY
New York,13946,NY
Rochester,57407,NY
Miami,72605,FL
El Paso,3493,TX
Pittsburgh,54597,PA
Philadelphia,82357,PA
New Rochelle,78567,NY
Hialeah,14243,FL
San Francisco,59757,CA
Mount Vernon,86293,NY
Utica,93922,NY
Philadelphia,16306,PA
Tampa,50871,FL
New Rochelle,3832,NY
St. Petersburg,85164,FL
New Rochelle,11434,NY
Orlando,55810,FL
Tampa,87396,FL
San Jose,16361,CA
Houston,35153,TX
St. Petersburg,31254,FL
New York,21198,NY
Fort Worth,28433,TX
San Antonio,38895,TX
Buffalo,37527,NY
Fresno,12754,CA
Rochester,84448,NY
St. Petersburg,51245,FL
Fort Worth,14964,TX
Philadelphia,23211,PA
Philadelphia,30717,PA
New York,68455,NY
New York,43490,NY
Tampa,63485,FL
San Jose,71787,CA
Fort Worth,55802,TX
Mount Vernon,40074,NY
Rochester,10396,NY
Syracuse,29064,NY
San Jose,55977,CA
Tallahassee,5805,FL
Rochester,21961,NY
Jacksonville,41187,FL
New York,23246,NY
Orlando,87929,FL
Rochester,95411,NY
Philadelphia,22151,PA
Albany,32600,NY
El Paso,33577,TX
Austin,30235,TX
Orlando,13742,FL
Syracuse,63263,NY
Jacksonville,94676,FL
Tallahassee,9591,FL
San Antonio,64346,TX
Utica,10737,NY
Miami,4640,FL
El Paso,5464,TX
New Rochelle,54389,NY
Albany,12104,NY
Buffalo,73714,NY
Hialeah,81617,FL
Orlando,82758,FL
St. Petersburg,62371,FL
Austin,53187,TX
Rochester,41174,NY
New York,57345,NY
Utica,83561,NY
Tallahassee,83244,FL
Houston,82336,TX
Tampa,83209,FL
Fort Worth,87436,TX
San Diego,13448,CA
Syracuse,22449,NY
El Paso,89349,TX
Tampa,70339,FL
Pittsburgh,89307,PA
New York,16704,NY
Rochester,38972,NY
Utica,69207,NY
San Diego,40064,CA
Orlando,34420,FL
Philadelphia,55547,PA
San Diego,25607,CA
Albany,59298,NY
Dallas,68689,TX
El Paso,54527,TX
Miami,48646,FL
Fresno,77159,CA
Pittsburgh,87813,PA
Tallahassee,78721,FL
Pittsburgh,35239,PA
Tampa,67649,FL
Fort Worth,62509,TX
Dallas,97511,TX
Utica,76272,NY
Albany,52128,NY
Tampa,94393,FL
El Paso,22249,TX
Pittsburgh,86770,PA
Pittsburgh,44033,PA
St. Petersburg,64001,FL
Hialeah,59808,FL
St. Petersburg,38070,FL
Yonkers,80297,NY
Tallahassee,66376,FL
Albany,17056,NY
Tampa,45977,FL
Allentown,18676,PA
Allentown,96121,PA
Houston,25745,TX
Pittsburgh,89003,PA
Tallahassee,5906,FL
Philadelphia,80217,PA
New York,8868,NY
Buffalo,18005,NY
Los Angeles,37017,CA
Hialeah,87247,FL
Los Angeles,87789,CA
Pittsburgh,49295,PA
Buffalo,9611,NY
St. Petersburg,90598,FL
Yonkers,19534,NY
Miami,3379,FL
Austin,79747,TX
San Diego,35462,CA
New York,30360,NY
Fresno,31570,CA
Miami,35705,FL
El Paso,52204,TX
San Francisco,24297,CA
Allentown,46652,PA
Allentown,85044,PA
Rochester,97082,NY
Mount Vernon,6973,NY
San Francisco,70781,CA
San Francisco,17943,CA
Austin,91724,TX
Albany,31587,NY
Austin,50280,TX
Mount Vernon,94012,NY
Fresno,64519,CA
St. Petersburg,55069,FL
St. Petersburg,76531,FL
Rochester,97659,NY
Tallahassee,14574,FL
San Jose,86373,CA
Buffalo,99583,NY
Allentown,46389,PA
Mount Vernon,1701,NY
Dallas,96561,TX
Dallas,26808,TX
Rochester,95188,NY
New York,77766,NY
San Francisco,24216,CA
Buffalo,14345,NY
Syracuse,72657,NY
St. Petersburg,41312,FL
Pittsburgh,56004,PA
Los Angeles,96858,CA
Fresno,72238,CA
Albany,49120,NY
New York,84844,NY
Orlando,79486,FL
Utica,11065,NY
Miami,26413,FL
Los Angeles,10580,CA
Philadelphia,49044,PA
San Francisco,62925,CA
Philadelphia,69045,PA
New Rochelle,93509,NY
Miami,56212,FL
San Antonio,39397,TX
Fort Worth,71199,TX
Rochester,84977,NY
Dallas,96585,TX
New Rochelle,52143,NY
Syracuse,20600,NY
Philadelphia,34673,PA
Utica,91008,NY
Fresno,82087,CA
Mount Vernon,86672,NY
Fresno,40336,CA
St. Petersburg,76543,FL
Houston,23208,TX
Syracuse,39987,NY
San Diego,41413,CA
Houston,23101,TX
Miami,32196,FL
San Francisco,19383,CA
Tampa,83252,FL
Fresno,61950,CA
Rochester,7087,NY
San Jose,65145,CA
Utica,81554,NY
New York,65577,NY
Hialeah,33208,FL
New Rochelle,30776,NY
Tallahassee,88433,FL
Orlando,21351,FL
Houston,76089,TX
Allentown,69225,PA
Tampa,14149,FL
San Antonio,92108,TX
Philadelphia,77014,PA
Houston,15375,TX
St. Petersburg,51938,FL
Miami,21920,FL
St. Petersburg,13325,FL
Yonkers,10951,NY
Pittsburgh,41100,PA
New York,31960,NY
Austin,67781,TX
Tallahassee,45719,FL
Austin,98834,TX
San Francisco,52175,CA
Albany,63898,NY
Utica,29386,NY
Fort Worth,75261,TX
Tallahassee,1226,FL
Houston,2870,TX
Buffalo,96241,NY
Houston,29178,TX
Rochester,29306,NY
Mount Vernon,89388,NY
San Antonio,52722,TX
Yonkers,55308,NY
Fresno,57510,CA
San Jose,6071,CA
Albany,85717,NY
New York,53038,NY
Philadelphia,1874,PA
St. Petersburg,59432,FL
Tallahassee,90952,FL
Syracuse,28172,NY
St. Petersburg,11102,FL
Albany,18988,NY
Syracuse,16234,NY
Pittsburgh,84747,PA
San Jose,61348,CA
Allentown,64879,PA
Pittsburgh,12597,PA
Orlando,99177,FL
Albany,31917,NY
Yonkers,18341,NY
San Antonio,78599,TX
Syracuse,99059,NY
Dallas,70757,TX
Jacksonville,9536,FL
Orlando,46809,FL
Rochester,76494,NY
San Jose,77723,CA
Tampa,1791,FL
Buffalo,57560,NY
Buffalo,60004,NY
San Francisco,89069,CA
Hialeah,65206,FL
Yonkers,54186,NY
Pittsburgh,51127,PA
Rochester,21610,NY
Jacksonville,12354,FL
Fresno,71158,CA
San Francisco,24677,CA
Fort Worth,89439,TX
Austin,53492,TX
St. Petersburg,7068,FL
New York,64989,NY
Pittsburgh,43200,PA
El Paso,31672,TX
Dallas,90123,TX
Philadelphia,21647,PA
Tallahassee,63330,FL
Syracuse,91460,NY
Yonkers,96275,NY
Rochester,41783,NY
Dallas,95955,TX
New York,20874,NY
Albany,83714,NY
El Paso,96271,TX
Orlando,12256,FL
Houston,33175,TX
San Antonio,87263,TX
Syracuse,56066,NY
San Diego,71517,CA
San Jose,89133,CA
San Francisco,86991,CA
Los Angeles,61730,CA
Orlando,97200,FL
San Francisco,5430,CA
New York,51507,NY
Fresno,68455,CA
Dallas,44190,TX
Dallas,98678,TX
Syracuse,89469,NY
Fort Worth,16010,TX
Houston,83754,TX
Utica,96389,NY
Dallas,59931,TX
Fort Worth,2842,TX
Hialeah,54565,FL
Los Angeles,38509,CA
San Francisco,99076,CA
El Paso,61450,TX
San Francisco,55470,CA
Yonkers,82861,NY
Yonkers,38030,NY
Hialeah,59165,FL
Dallas,2143,TX
St. Petersburg,20228,FL
El Paso,84554,TX
Albany,43941,NY
Tallahassee,79870,FL
New York,88550,NY
Albany,12287,NY
Fort Worth,59453,TX
Fresno,50534,CA
San Jose,55743,CA
Fort Worth,65720,TX
Yonkers,64439,NY
Houston,22355,TX
San Antonio,8901,TX
Utica,40895,NY
St. Petersburg,51010,FL
Buffalo,92717,NY
Tampa,21538,FL
Allentown,73474,PA
Fresno,55077,CA
Albany,56330,NY
Yonkers,45848,NY
San Antonio,56641,TX
Albany,39691,NY
Tampa,73203,FL
New Rochelle,94562,NY
Los Angeles,31933,CA
Syracuse,80433,NY
Austin,27804,TX
San Diego,80448,CA
Tampa,88103,FL
Buffalo,74575,NY
Orlando,58259,FL
Houston,88463,TX
San Diego,18814,CA
Philadelphia,57308,PA
Jacksonville,50210,FL
Albany,30543,NY
St. Petersburg,85343,FL
Fort Worth,66222,TX
Albany,38455,NY
San Antonio,67580,TX
Yonkers,77430,NY
El Paso,34972,TX
Tampa,8846,FL
Buffalo,77835,NY
New Rochelle,59534,NY
Dallas,17243,TX
Austin,43710,TX
St. Petersburg,86438,FL
Austin,66088,TX
Austin,65053,TX
Dallas,59899,TX
Albany,62492,NY
Philadelphia,84226,PA
Dallas,57918,TX
Buffalo,73765,NY
Syracuse,5508,NY
Dallas,43294,TX
Utica,11910,NY
Allentown,95536,PA
Albany,40188,NY
New Rochelle,47128,NY
Fort Worth,19276,TX
Los Angeles,1075,CA
Houston,81501,TX
San Jose,21161,CA
Miami,17177,FL
Allentown,63117,PA
Hialeah,61432,FL
Yonkers,18610,NY
Dallas,72303,TX
Jacksonville,21920,FL
Austin,74016,TX
Orlando,787,FL
San Antonio,83079,TX
San Diego,35908,CA
Utica,73333,NY
Orlando,65971,FL
Fort Worth,23536,TX
New York,99324,NY
Tallahassee,52501,FL
San Antonio,14735,TX
Philadelphia,27103,PA
St. Petersburg,63429,FL
Jacksonville,14288,FL
Allentown,86478,PA
San Diego,46037,CA
Tallahassee,13020,FL
Hialeah,5072,FL
Austin,36561,TX
Pittsburgh,9544,PA
Utica,46089,NY
Hialeah,14938,FL
Buffalo,86805,NY
El Paso,46885,TX
Miami,37419,FL
Albany,86208,NY
Hialeah,66895,FL
El Paso,90634,TX
Hialeah,92047,FL
Syracuse,9002,NY
Hialeah,20121,FL
Hialeah,16644,FL
Pittsburgh,70337,PA
San Diego,46070,CA
Jacksonville,96674,FL
Fresno,18186,CA
Dallas,81175,TX
San Jose,87929,CA
San Antonio,21234,TX
Rochester,24372,NY
Albany,31992,NY
Buffalo,56764,NY
El Paso,66636,TX
Los Angeles,79818,CA
Rochester,27194,NY
San Diego,31193,CA
San Jose,33301,CA
Allentown,85550,PA
Rochester,40706,NY
San Antonio,84274,TX
Fresno,4210,CA
Fort Worth,32943,TX
Fort Worth,28869,TX
Yonkers,8293,NY
Jacksonville,14061,FL
El Paso,51613,TX
New Rochelle,12767,NY
Utica,66538,NY
San Antonio,76447,TX
Rochester,58271,NY
Tallahassee,41341,FL
Austin,68739,TX
Albany,17659,NY
El Paso,7027,TX
New Rochelle,40832,NY
Yonkers,13225,NY
Hialeah,75591,FL
Fort Worth,96612,TX
Rochester,57974,NY
Austin,3725,TX
Philadelphia,26883,PA
Los Angeles,11145,CA
New Rochelle,46172,NY
Syracuse,70274,NY
New York,56285,NY
Allentown,27758,PA
Buffalo,2652,NY
Mount Vernon,19991,NY
Mount Vernon,48309,NY
Mount Vernon,86777,NY
Syracuse,28821,NY
Buffalo,95578,NY
New Rochelle,36994,NY
Rochester,27485,NY
Tampa,18264,FL
Philadelphia,62373,PA
Dallas,88922,TX
Allentown,13368,PA
Hialeah,40064,FL
Syracuse,36520,NY
New York,93828,NY
Syracuse,64060,NY
Albany,2658,NY
San Francisco,44219,CA
Dallas,32456,TX
Allentown,1071,PA
Yonkers,59380,NY
San Diego,80872,CA
Dallas,52808,TX
San Francisco,89756,CA
Fort Worth,3326,TX
Jacksonville,24164,FL
New York,95631,NY
Fort Worth,65373,TX
San Jose,10366,CA
Philadelphia,38447,PA
New Rochelle,90283,NY
St. Petersburg,65036,FL
Jacksonville,72515,FL
San Antonio,75760,TX
Dallas,34089,TX
Tallahassee,18612,FL
San Jose,88025,CA
Albany,27690,NY
San Diego,15535,CA
Syracuse,39764,NY
New Rochelle,84561,NY
Dallas,37322,TX
El Paso,29914,TX
Philadelphia,12063,PA
New Rochelle,69889,NY
Fort Worth,49153,TX
Yonkers,97774,NY
Tampa,51619,FL
Houston,78036,TX
New Rochelle,73171,NY
Utica,39360,NY
New Rochelle,45500,NY
Fort Worth,56081,TX
El Paso,28377,TX
Mount Vernon,64267,NY
Buffalo,25824,NY
Austin,48814,TX
Pittsburgh,80771,PA
Orlando,46137,FL
St. Petersburg,68553,FL
Tallahassee,16324,FL
San Diego,57326,CA
Fort Worth,25376,TX
Albany,39828,NY
Allentown,71859,PA
Tallahassee,37454,FL
New York,61238,NY
Utica,68173,NY
Yonkers,57837,NY
Tallahassee,51115,FL
Austin,47733,TX
Pittsburgh,58488,PA
San Jose,39610,CA
Tampa,64776,FL
Tampa,97064,FL
New York,43931,NY
Rochester,42461,NY
Syracuse,53124,NY
Los Angeles,5824,CA
Buffalo,913,NY
Buffalo,97974,NY
Utica,31882,NY
Fort Worth,71610,TX
Miami,62426,FL
Mount Vernon,61706,NY
Rochester,17349,NY
Tampa,19081,FL
Yonkers,81605,NY
Fort Worth,99145,TX
San Diego,22246,CA
San Antonio,23945,TX
El Paso,95760,TX
Pittsburgh,13923,PA
Philadelphia,54261,PA
El Paso,41265,TX
Mount Vernon,29391,NY
San Antonio,86872,TX
San Diego,79455,CA
Dallas,70188,TX
Austin,63758,TX
New Rochelle,45244,NY
Austin,17750,TX
Syracuse,58207,NY
San Antonio,16855,TX
Los Angeles,82544,CA
Buffalo,71216,NY
New Rochelle,35377,NY
Pittsburgh,13492,PA
San Antonio,5114,TX
Allentown,31698,PA
Mount Vernon,71887,NY
Fresno,87950,CA
Yonkers,16482,NY
St. Petersburg,11243,FL
Albany,44953,NY
Jacksonville,5445,FL
San Antonio,52972,TX
Yonkers,71807,NY
Allentown,16514,PA
Fort Worth,85414,TX
Tampa,91169,FL
Tampa,32176,FL
Mount Vernon,54428,NY
Houston,21986,TX
Fresno,32528,CA
Philadelphia,50044,PA
Syracuse,4352,NY
San Diego,94532,CA
Dallas,66041,TX
San Diego,2342,CA
Fort Worth,56836,TX
Pittsburgh,76465,PA
Buffalo,42177,NY
Tampa,41374,FL
Dallas,42363,TX
El Paso,82156,TX
Pittsburgh,32406,PA
Utica,25330,NY
St. Petersburg,33321,FL
Hialeah,83638,FL
Dallas,93758,TX
El Paso,21049,TX
Fresno,97697,CA
San Jose,17576,CA
Philadelphia,2492,PA
El Paso,36039,TX
Syracuse,96219,NY
San Francisco,25051,CA
Mount Vernon,89896,NY
St. Petersburg,60534,FL
Philadelphia,96856,PA
Mount Vernon,12426,NY
Miami,89115,FL
Allentown,86980,PA
Austin,66263,TX
Austin,51102,TX
Syracuse,91901,NY
Miami,89261,FL
Philadelphia,41452,PA
Syracuse,74786,NY
Syracuse,31351,NY
Orlando,80611,FL
Philadelphia,59156,PA
Pittsburgh,74556,PA
Rochester,92688,NY
Utica,17008,NY
Philadelphia,62369,PA
Tampa,80240,FL
Buffalo,40338,NY
Philadelphia,65261,PA
Syracuse,28084,NY
Rochester,33200,NY
Tampa,99426,FL
Buffalo,11186,NY
Hialeah,38796,FL
Utica,80996,NY
Buffalo,42158,NY
Allentown,83877,PA
Austin,23695,TX
San Diego,78088,CA
New York,25966,NY
Fresno,96036,CA
Hialeah,16019,FL
Los Angeles,11026,CA
Yonkers,77804,NY
Austin,8071,TX
San Diego,79675,CA
Syracuse,16684,NY
St. Petersburg,49274,FL
Miami,25759,FL
Orlando,99135,FL
Mount Vernon,37078,NY
Miami,62253,FL
St. Petersburg,67404,FL
Orlando,13369,FL
Tallahassee,49352,FL
Philadelphia,17140,PA
Buffalo,15531,NY
Rochester,85229,NY
Hialeah,46918,FL
Pittsburgh,77648,PA
Syracuse,89875,NY
Tallahassee,54291,FL
San Jose,53641,CA
Utica,14879,NY
El Paso,20856,TX
San Diego,89101,CA
Rochester,80413,NY
Buffalo,81315,NY
St. Petersburg,91022,FL
Hialeah,4456,FL
El Paso,57513,TX
Pittsburgh,50377,PA
Tallahassee,32159,FL
New Rochelle,40968,NY
Fresno,86268,CA
Jacksonville,27393,FL
New Rochelle,12992,NY
San Antonio,81270,TX
San Francisco,75424,CA
New York,72826,NY
Philadelphia,15999,PA
Miami,78662,FL
St. Petersburg,7151,FL
Jacksonville,70752,FL
San Jose,18837,CA
Fort Worth,39117,TX
Philadelphia,9475,PA
Dallas,51354,TX
Houston,60058,TX
Hialeah,617,FL
Jacksonville,16691,FL
Los Angeles,23730,CA
Syracuse,35300,NY
Albany,6094,NY
Allentown,15074,PA
Rochester,30161,NY
Tallahassee,33785,FL
Philadelphia,36176,PA
Tampa,18667,FL
El Paso,10274,TX
Tampa,43409,FL
Austin,10017,TX
Tallahassee,73110,FL
El Paso,77538,TX
Fresno,77819,CA
San Diego,64435,CA
Tallahassee,16593,FL
Buffalo,41727,NY
Mount Vernon,60524,NY
Pittsburgh,20218,PA
Dallas,98084,TX
Dallas,41676,TX
Buffalo,43647,NY
Orlando,68677,FL
Philadelphia,50034,PA
St. Petersburg,35345,FL
Austin,25352,TX
El Paso,32357,TX
San Diego,9118,CA
Austin,26719,TX
Jacksonville,89824,FL
Yonkers,96431,NY
Austin,18562,TX
San Antonio,81558,TX
Utica,34489,NY
San Francisco,56545,CA
Austin,30727,TX
Orlando,48169,FL
Dallas,5022,TX
Rochester,11884,NY
Fresno,78038,CA
Pittsburgh,56090,PA
New Rochelle,39330,NY
Miami,99027,FL
Syracuse,32025,NY
Tallahassee,82533,FL
Philadelphia,62536,PA
Rochester,37662,NY
Austin,85081,TX
Houston,93333,TX
San Francisco,84525,CA
Pittsburgh,39905,PA
Utica,6222,NY
Albany,63240,NY
Hialeah,71589,FL
San Antonio,3401,TX
Buffalo,96324,NY
Pittsburgh,61154,PA
San Francisco,9172,CA
Jacksonville,57840,FL
Tallahassee,96414,FL
Mount Vernon,42928,NY
Utica,44886,NY
San Antonio,67314,TX
Yonkers,88656,NY
El Paso,45302,TX
New Rochelle,20946,NY
Miami,78632,FL
Pittsburgh,54096,PA
Allentown,6888,PA
Rochester,89274,NY
Syracuse,52567,NY
Allentown,70484,PA
San Diego,66717,CA
Fort Worth,99300,TX
Orlando,76741,FL
San Jose,31497,CA
Buffalo,22368,NY
Hialeah,50499,FL
New York,57796,NY
Pittsburgh,79772,PA
San Antonio,97800,TX
Allentown,48217,PA
Mount Vernon,40812,NY
Hialeah,6583,FL
Albany,62086,NY
Orlando,44408,FL
Fresno,19422,CA
San Antonio,8410,TX
Buffalo,38590,NY
Pittsburgh,72224,PA
Hialeah,13320,FL
Tampa,8359,FL
Los Angeles,22860,CA
New York,20691,NY
Hialeah,26101,FL
St. Petersburg,73787,FL
Pittsburgh,62436,PA
Tampa,81980,FL
Los Angeles,93246,CA
Jacksonville,78658,FL
St. Petersburg,2908,FL
Dallas,92238,TX
El Paso,97837,TX
New York,29412,NY
Albany,37550,NY
Philadelphia,59062,PA
San Jose,26674,CA
San Francisco,45976,CA
Miami,2601,FL
Dallas,51777,TX
San Francisco,24434,CA
Los Angeles,26524,CA
Dallas,84671,TX
Hialeah,61885,FL
Syracuse,63434,NY
Fresno,6387,CA
St. Petersburg,11829,FL
Tampa,49993,FL
Tampa,79728,FL
Pittsburgh,14007,PA
San Francisco,87168,CA
Syracuse,74250,NY
Jacksonville,71215,FL
Buffalo,99727,NY
San Jose,92654,CA
St. Petersburg,42552,FL
San Diego,85572,CA
Orlando,98882,FL
San Jose,30848,CA
Hialeah,32542,FL
Orlando,86837,FL
Miami,98072,FL
Allentown,72839,PA
El Paso,9060,TX
Syracuse,65202,NY
Albany,27913,NY
Los Angeles,20126,CA
Austin,95795,TX
Mount Vernon,46132,NY
Austin,90364,TX
Tallahassee,52464,FL
Philadelphia,24725,PA
Miami,16270,FL
Hialeah,32093,FL
Fresno,38640,CA
Yonkers,58932,NY
San Jose,28467,CA
San Jose,55845,CA
Rochester,89323,NY
Dallas,19822,TX
Fort Worth,91655,TX
Mount Vernon,65993,NY
Pittsburgh,18560,PA
St. Petersburg,93839,FL
Orlando,26969,FL
Dallas,70166,TX
Mount Vernon,18155,NY
Los Angeles,56527,CA
Los Angeles,95302,CA
Syracuse,62157,NY
New York,23604,NY
Orlando,96996,FL
Allentown,56642,PA
San Francisco,31706,CA
Pittsburgh,47949,PA
Albany,94493,NY
New York,79787,NY
Pittsburgh,21150,PA
San Antonio,24745,TX
Fresno,39587,CA
San Antonio,90719,TX
El Paso,32817,TX
Houston,73568,TX
Utica,92161,NY
Utica,16111,NY
San Antonio,23804,TX
Syracuse,50602,NY
Mount Vernon,20248,NY
Fort Worth,76204,TX
Orlando,56214,FL
Buffalo,70878,NY
San Diego,56104,CA
Houston,86034,TX
Utica,53902,NY
New Rochelle,58847,NY
San Francisco,50955,CA
Jacksonville,99882,FL
New York,79796,NY
Fresno,29073,CA
Fort Worth,83242,TX
Utica,54573,NY
New York,90005,NY
El Paso,76518,TX
New Rochelle,6211,NY
Dallas,21722,TX
Mount Vernon,39870,NY
Tampa,35681,FL
Fresno,11979,CA
Miami,49294,FL
Austin,48671,TX
El Paso,21312,TX
New Rochelle,16202,NY
Dallas,17026,TX
Utica,2462,NY
Jacksonville,80177,FL
Pittsburgh,65347,PA
El Paso,61100,TX
Pittsburgh,58965,PA
Fresno,76597,CA
Los Angeles,58827,CA
Philadelphia,50553,PA
Miami,52937,FL
Allentown,75322,PA
Mount Vernon,68076,NY
Orlando,48943,FL
San Diego,73492,CA
Los Angeles,36570,CA
Orlando,25429,FL
New York,40713,NY
Houston,52775,TX
Allentown,88384,PA
San Diego,8557,CA
Tampa,16946,FL
St. Petersburg,91295,FL
Jacksonville,63566,FL
San Francisco,82506,CA
Fort Worth,90368,TX
Orlando,65356,FL
Los Angeles,45191,CA
Syracuse,54234,NY
Jacksonville,49483,FL
Syracuse,26940,NY
Fort Worth,19172,TX
San Diego,32490,CA
Austin,73425,TX
Dallas,5509,TX
Buffalo,87434,NY
Tampa,41905,FL
Fresno,97238,CA
Dallas,46965,TX
Jacksonville,14425,FL
Miami,40012,FL
St. Petersburg,74319,FL
Philadelphia,32166,PA
Albany,18710,NY
San Antonio,35790,TX
San Jose,1411,CA
San Antonio,1632,TX
Austin,95850,TX
Philadelphia,4757,PA
New York,16735,NY
Dallas,16743,TX
Orlando,74893,FL
Fresno,11852,CA
Los Angeles,45752,CA
Fort Worth,15755,TX
Tampa,47478,FL
San Jose,10187,CA
Tampa,88344,FL
San Jose,37967,CA
Los Angeles,14316,CA
Dallas,81328,TX
San Jose,63842,CA
Allentown,68451,PA
San Antonio,50609,TX
El Paso,63501,TX
Allentown,81123,PA
El Paso,2646,TX
Tallahassee,18305,FL
Allentown,14880,PA
Buffalo,47334,NY
Mount Vernon,84626,NY
Syracuse,50205,NY
Jacksonville,46859,FL
Albany,11637,NY
Albany,73585,NY
Albany,90347,NY
Fresno,66868,CA
Allentown,597,PA
Dallas,18702,TX
Mount Vernon,22158,NY
Philadelphia,62836,PA
Fresno,56616,CA
Austin,77898,TX
Pittsburgh,59838,PA
New Rochelle,19893,NY
Houston,28024,TX
San Jose,84182,CA
New Rochelle,3985,NY
Albany,26452,NY
Yonkers,46351,NY
New Rochelle,7416,NY
San Diego,14260,CA
Fresno,68253,CA
Mount Vernon,62330,NY
Tallahassee,73589,FL
Pittsburgh,89637,PA
Miami,20077,FL
San Francisco,37903,CA
San Diego,30365,CA
Hialeah,51692,FL
Rochester,69151,NY
Syracuse,21470,NY
Tampa,1611,FL
San Antonio,17922,TX
Hialeah,62426,FL
San Diego,75869,CA
Tallahassee,76449,FL
New York,23496,NY
Hialeah,66839,FL
Houston,41384,TX
San Diego,93939,CA
Dallas,61027,TX
Allentown,29133,PA
Albany,77607,NY
Fort Worth,6077,TX
New Rochelle,32809,NY
New York,68930,NY
Miami,83969,FL
San Diego,59065,CA
Pittsburgh,41576,PA
Houston,9617,TX
Los Angeles,85454,CA
Hialeah,65373,FL
San Diego,11866,CA
Pittsburgh,6145,PA
Allentown,90208,PA
Mount Vernon,29835,NY
Syracuse,75753,NY
Yonkers,63296,NY
New Rochelle,14942,NY
Allentown,51665,PA
Los Angeles,44109,CA
Buffalo,94931,NY
Orlando,99841,FL
Fort Worth,84821,TX
Jacksonville,7213,FL
New Rochelle,26780,NY
Los Angeles,47219,CA
Yonkers,36259,NY
Fresno,58801,CA
San Antonio,77784,TX
San Diego,71177,CA
Yonkers,44507,NY
Austin,35865,TX
El Paso,8552,TX
Tallahassee,44102,FL
Austin,38595,TX
Albany,48554,NY
New Rochelle,18863,NY
San Jose,37553,CA
San Antonio,70760,TX
Philadelphia,30032,PA
Allentown,11812,PA
Orlando,86830,FL
Philadelphia,59402,PA
San Diego,4107,CA
Yonkers,833,NY
Fort Worth,49398,TX
New Rochelle,30549,NY
El Paso,85319,TX
Yonkers,98714,NY
El Paso,90531,TX
Orlando,90141,FL
Orlando,95264,FL
Hialeah,80130,FL
New York,66653,NY
Utica,94287,NY
Rochester,76292,NY
Houston,69034,TX
San Jose,14763,CA
Syracuse,94578,NY
Los Angeles,11666,CA
Los Angeles,61280,CA
New Rochelle,72664,NY
Austin,61026,TX
Tampa,39633,FL
Buffalo,90653,NY
Tampa,18459,FL
San Francisco,56556,CA
Hialeah,28153,FL
Pittsburgh,86428,PA
Hialeah,29955,FL
Los Angeles,40828,CA
San Jose,76201,CA
Orlando,91727,FL
Yonkers,73777,NY
Houston,57420,TX
New York,9746,NY
Utica,3356,NY
Allentown,18398,PA
Dallas,95319,TX
Austin,6923,TX
New Rochelle,71338,NY
Buffalo,858,NY
Allentown,94779,PA
San Diego,87654,CA
San Francisco,74522,CA
Tallahassee,23244,FL
Hialeah,83264,FL
Albany,45287,NY
Los Angeles,85720,CA
Mount Vernon,3042,NY
Pittsburgh,69339,PA
Tampa,54818,FL
New Rochelle,88331,NY
Fort Worth,9830,TX
San Francisco,3275,CA
Miami,61191,FL
San Jose,52661,CA
Buffalo,42598,NY
New York,32649,NY
El Paso,48161,TX
Fort Worth,4359,TX
Tampa,52596,FL
San Francisco,98460,CA
Tampa,51031,FL
Buffalo,71843,NY
Austin,62735,TX
Tampa,23105,FL
Tallahassee,44857,FL
Houston,6973,TX
San Antonio,52603,TX
Miami,65171,FL
Miami,72020,FL
San Diego,33551,CA
Philadelphia,10803,PA
Hialeah,4748,FL
Allentown,72912,PA
Albany,583,NY
Fresno,8433,CA
Philadelphia,21886,PA
Orlando,3673,FL
Rochester,23266,NY
Miami,86489,FL
Austin,27147,TX
New Rochelle,56200,NY
Fort Worth,92052,TX
Fresno,67315,CA
New Rochelle,573,NY
Los Angeles,96147,CA
Los Angeles,23618,CA
St. Petersburg,5303,FL
Fort Worth,29458,TX
Los Angeles,41243,CA
San Jose,59924,CA
Albany,59709,NY
Allentown,43848,PA
Orlando,18687,FL
San Antonio,46450,TX
Hialeah,16985,FL
Miami,99552,FL
Hialeah,26910,FL
Jacksonville,85146,FL
Utica,48867,NY
Pittsburgh,59159,PA
Mount Vernon,25828,NY
St. Petersburg,27213,FL
Tampa,52519,FL
San Antonio,59245,TX
Mount Vernon,60293,NY
New Rochelle,85238,NY
Pittsburgh,84304,PA
Fort Worth,75475,TX
El Paso,44392,TX
Utica,74885,NY
San Jose,33421,CA
San Diego,65240,CA
Pittsburgh,36216,PA
El Paso,81526,TX
Miami,64181,FL
Philadelphia,45056,PA
Buffalo,42993,NY
Austin,50230,TX
Austin,65484,TX
Tallahassee,39486,FL
Jacksonville,4771,FL
San Jose,68065,CA
San Diego,2720,CA
Syracuse,14607,NY
Utica,48063,NY
Houston,99731,TX
New York,42256,NY
Fresno,60572,CA
San Antonio,50551,TX
Orlando,98475,FL
Miami,35388,FL
Philadelphia,78433,PA
San Jose,90209,CA
New York,88120,NY
New Rochelle,54527,NY
St. Petersburg,17194,FL
Mount Vernon,89104,NY
Dallas,64075,TX
Orlando,12786,FL
Los Angeles,12179,CA
St. Petersburg,66826,FL
Austin,96654,TX
San Francisco,69358,CA
New Rochelle,94468,NY
Los Angeles,19704,CA
San Antonio,60496,TX
Syracuse,37582,NY
Fresno,59560,CA
San Diego,55962,CA
Houston,22838,TX
San Antonio,85557,TX
Fort Worth,64179,TX
Tampa,90559,FL
Rochester,16014,NY
Dallas,25326,TX
Orlando,47593,FL
El Paso,9170,TX
Tallahassee,28470,FL
Philadelphia,51009,PA
San Jose,7193,CA
San Diego,34675,CA
Utica,16904,NY
St. Petersburg,81801,FL
Allentown,72854,PA
Dallas,40193,TX
Austin,93694,TX
Mount Vernon,23842,NY
Utica,10130,NY
Miami,29510,FL
Syracuse,77283,NY
Fort Worth,58529,TX
St. Petersburg,7083,FL
Rochester,78664,NY
Miami,31805,FL
New Rochelle,14882,NY
Buffalo,38313,NY
Los Angeles,24065,CA
Yonkers,52810,NY
San Diego,50577,CA
Allentown,34470,PA
Fort Worth,91258,TX
Fresno,71878,CA
San Francisco,54036,CA
San Francisco,35004,CA
San Jose,41676,CA
Houston,63553,TX
Rochester,8770,NY
New York,55997,NY
San Francisco,65123,CA
Austin,6248,TX
New York,73361,NY
Houston,50874,TX
Pittsburgh,64678,PA
Utica,28009,NY
Houston,68092,TX
Austin,86593,TX
Allentown,92003,PA
Austin,75539,TX
San Jose,7387,CA
St. Petersburg,87268,FL
Houston,51417,TX
Albany,12836,NY
New York,85396,NY
Buffalo,62614,NY
St. Petersburg,63236,FL
Orlando,37125,FL
San Jose,22164,CA
Pittsburgh,51897,PA
Pittsburgh,61689,PA
Tallahassee,30911,FL
Jacksonville,56804,FL
San Antonio,52234,TX
El Paso,62838,TX
St. Petersburg,49830,FL
San Antonio,74455,TX
Allentown,22233,PA
Hialeah,17625,FL
Tampa,20578,FL
Houston,41166,TX
St. Petersburg,30344,FL
Jacksonville,4343,FL
Philadelphia,37624,PA
Buffalo,2421,NY
Los Angeles,34559,CA
Orlando,66461,FL
El Paso,70425,TX
El Paso,12755,TX
Jacksonville,90575,FL
Mount Vernon,94966,NY
Austin,70163,TX
Austin,41245,TX
Albany,35013,NY
Los Angeles,60055,CA
Orlando,76947,FL
Tallahassee,95331,FL
Philadelphia,6014,PA
Austin,90186,TX
Albany,74053,NY
Miami,44582,FL
Mount Vernon,73855,NY
San Jose,8780,CA
Hialeah,84708,FL
Tampa,96007,FL
Houston,11202,TX
Philadelphia,98552,PA
San Diego,77015,CA
San Francisco,17550,CA
San Francisco,10275,CA
Mount Vernon,67518,NY
Philadelphia,71716,PA
Utica,27964,NY
Buffalo,50853,NY
San Francisco,89107,CA
Buffalo,99217,NY
Yonkers,70797,NY
Jacksonville,87083,FL
St. Petersburg,61365,FL
San Diego,70826,CA
Los Angeles,64948,CA
Fort Worth,57901,TX
San Jose,1189,CA
Dallas,78889,TX
St. Petersburg,2515,FL
San Francisco,93628,CA
Los Angeles,68156,CA
Pittsburgh,31235,PA
San Francisco,50875,CA
Austin,48081,TX
Philadelphia,17424,PA
Philadelphia,27878,PA
Tampa,49322,FL
Albany,52760,NY
St. Petersburg,67503,FL
Albany,61787,NY
El Paso,73331,TX
Austin,44151,TX
Hialeah,54437,FL
Miami,59354,FL
Austin,9045,TX
San Diego,98018,CA
Syracuse,88830,NY
Utica,51968,NY
Hialeah,9660,FL
San Jose,62358,CA
Houston,23370,TX
San Antonio,80743,TX
Pittsburgh,50442,PA
Jacksonville,78218,FL
Tampa,94888,FL
Fort Worth,83585,TX
St. Petersburg,58116,FL
Buffalo,4503,NY
Jacksonville,80854,FL
San Antonio,67963,TX
Miami,88429,FL
New York,80101,NY
Albany,15825,NY
Los Angeles,96954,CA
Philadelphia,64637,PA
Jacksonville,60397,FL
Utica,41399,NY
Jacksonville,3135,FL
Utica,27872,NY
Tampa,42856,FL
Buffalo,31731,NY
Pittsburgh,45164,PA
Jacksonville,84430,FL
Mount Vernon,81523,NY
El Paso,81010,TX
New York,14657,NY
El Paso,78334,TX
Hialeah,79760,FL
Austin,32231,TX
New York,6970,NY
Pittsburgh,45363,PA
Philadelphia,78202,PA
Tallahassee,5250,FL
New Rochelle,92608,NY
San Antonio,35530,TX
Fresno,75072,CA
Austin,59541,TX
Philadelphia,44381,PA
El Paso,67432,TX
Fresno,37617,CA
Mount Vernon,60749,NY
Syracuse,37574,NY
El Paso,91543,TX
Orlando,57674,FL
Pittsburgh,85724,PA
Houston,47554,TX
Utica,64949,NY
Tallahassee,94555,FL
Philadelphia,27974,PA
Miami,4026,FL
Syracuse,11936,NY
St. Petersburg,45984,FL
Fort Worth,60818,TX
Tallahassee,44012,FL
Los Angeles,41297,CA
Houston,51123,TX
Pittsburgh,68008,PA
New Rochelle,64793,NY
San Antonio,55154,TX
San Francisco,17562,CA
San Antonio,3044,TX
Jacksonville,5778,FL
Miami,56388,FL
Fort Worth,1748,TX
St. Petersburg,54174,FL
Syracuse,27313,NY
Orlando,37509,FL
Mount Vernon,66030,NY
San Diego,93603,CA
Miami,49896,FL
Buffalo,8191,NY
St. Petersburg,77613,FL
Fort Worth,39324,TX
Yonkers,45773,NY
Fresno,94267,CA
Buffalo,35239,NY
New Rochelle,14170,NY
Philadelphia,8363,PA
Buffalo,38745,NY
Tallahassee,85904,FL
St. Petersburg,10080,FL
Tampa,34758,FL
Syracuse,35325,NY
Pittsburgh,32625,PA
Hialeah,17127,FL
Allentown,53482,PA
Orlando,94083,FL
Miami,94484,FL
San Diego,53066,CA
San Diego,19702,CA
Utica,76041,NY
Mount Vernon,81927,NY
Albany,96502,NY
Mount Vernon,29134,NY
Fort Worth,67834,TX
Fresno,63178,CA
Fort Worth,62651,TX
Fort Worth,27709,TX
Yonkers,82387,NY
Jacksonville,9325,FL
San Antonio,51331,TX
San Francisco,73296,CA
San Francisco,21993,CA
San Francisco,74847,CA
San Jose,594,CA
Los Angeles,20589,CA
St. Petersburg,75542,FL
San Francisco,99872,CA
Rochester,8445,NY
Dallas,18710,TX
New York,32319,NY
Rochester,44572,NY
Yonkers,6612,NY
New Rochelle,71769,NY
New Rochelle,47592,NY
San Francisco,60525,CA
New York,11110,NY
San Jose,48764,CA
Dallas,7944,TX
San Antonio,37677,TX
Tampa,76562,FL
San Diego,32197,CA
El Paso,85188,TX
Mount Vernon,22538,NY
Utica,39866,NY
Allentown,47994,PA
St. Petersburg,37253,FL
Utica,2132,NY
Miami,73200,FL
New Rochelle,18916,NY
Austin,41380,TX
Tampa,50755,FL
Buffalo,37465,NY
Rochester,44238,NY
San Jose,38151,CA
Tallahassee,77379,FL
Tallahassee,2715,FL
Tampa,29210,FL
El Paso,2818,TX
Syracuse,15514,NY
Utica,41605,NY
Buffalo,87449,NY
Fort Worth,30227,TX
Dallas,62675,TX
Miami,74591,FL
San Jose,26540,CA
Syracuse,32434,NY
San Diego,30833,CA
Tallahassee,72758,FL
Miami,46434,FL
New York,93910,NY
New Rochelle,59656,NY
San Jose,53680,CA
New York,84883,NY
Rochester,95116,NY
Houston,56860,TX
Mount Vernon,53489,NY
Miami,33617,FL
San Diego,19193,CA
Utica,68877,NY
Pittsburgh,9124,PA
Fort Worth,12354,TX
Philadelphia,87649,PA
Allentown,47058,PA
Buffalo,63657,NY
New Rochelle,19101,NY
San Antonio,55306,TX
Fort Worth,88102,TX
Tampa,7127,FL
St. Petersburg,50063,FL
Austin,91549,TX
San Jose,31929,CA
New Rochelle,60188,NY
Miami,98147,FL
Tallahassee,29092,FL
Fort Worth,96214,TX
Yonkers,19857,NY
Jacksonville,8297,FL
Buffalo,27632,NY
Jacksonville,54581,FL
San Antonio,45001,TX
Dallas,92247,TX
San Francisco,88524,CA
Tallahassee,80303,FL
Austin,99437,TX
San Francisco,57838,CA
Austin,74958,TX
Philadelphia,73084,PA
Orlando,32886,FL
Pittsburgh,2453,PA
New Rochelle,44559,NY
Yonkers,67845,NY
Philadelphia,58083,PA
Utica,43450,NY
Pittsburgh,93377,PA
El Paso,81031,TX
San Francisco,76645,CA
Tampa,4499,FL
St. Petersburg,38785,FL
Houston,92899,TX
Houston,57089,TX
Philadelphia,93360,PA
San Diego,89530,CA
San Diego,62060,CA
Tampa,69794,FL
San Diego,1034,CA
New Rochelle,8976,NY
Buffalo,59536,NY
Philadelphia,72253,PA
San Antonio,63368,TX
El Paso,38905,TX
San Antonio,31035,TX
Philadelphia,26382,PA
Austin,72931,TX
Austin,19153,TX
San Diego,88962,CA
Los Angeles,64975,CA
Rochester,44285,NY
Yonkers,41964,NY
Orlando,75665,FL
San Antonio,58317,TX
Jacksonville,98773,FL
Yonkers,38686,NY
Albany,61792,NY
Philadelphia,93490,PA
San Francisco,55727,CA
Austin,97869,TX
Dallas,62520,TX
Houston,40301,TX
Albany,52709,NY
Dallas,25905,TX
San Jose,25165,CA
Pittsburgh,62647,PA
San Diego,32105,CA
Buffalo,13890,NY
Mount Vernon,70363,NY
Buffalo,27888,NY
Dallas,24108,TX
Tampa,72775,FL
Mount Vernon,5004,NY
Dallas,53669,TX
San Antonio,6963,TX
San Jose,67507,CA
San Antonio,74641,TX
Utica,16553,NY
San Francisco,40478,CA
Jacksonville,84043,FL
Mount Vernon,41547,NY
Orlando,24229,FL
Albany,65693,NY
Austin,93873,TX
Pittsburgh,17971,PA
San Jose,98345,CA
Tampa,7357,FL
Rochester,44076,NY
San Jose,27345,CA
Tallahassee,70897,FL
Austin,77363,TX
Hialeah,50757,FL
San Jose,11369,CA
Tallahassee,80114,FL
New Rochelle,46775,NY
San Diego,62981,CA
Mount Vernon,57917,NY
Fort Worth,85459,TX
Hialeah,66818,FL
Fresno,76509,CA
Pittsburgh,79428,PA
Dallas,32363,TX
San Jose,41420,CA
Albany,22736,NY
Buffalo,54395,NY
Mount Vernon,79279,NY
Rochester,47496,NY
Jacksonville,67552,FL
Miami,67434,FL
Austin,60810,TX
New Rochelle,27906,NY
San Francisco,1423,CA
Los Angeles,65171,CA
Utica,46681,NY
Los Angeles,77057,CA
Jacksonville,9489,FL
St. Petersburg,93438,FL
Tallahassee,47833,FL
Tallahassee,40737,FL
Los Angeles,59994,CA
Jacksonville,96536,FL
Hialeah,4645,FL
Orlando,14065,FL
New York,53678,NY
St. Petersburg,4974,FL
Tallahassee,2901,FL
Buffalo,20836,NY
Austin,41609,TX
Buffalo,6681,NY
Utica,88249,NY
Dallas,3603,TX
San Antonio,50941,TX
San Jose,6307,CA
Tallahassee,47259,FL
Jacksonville,1576,FL
San Antonio,94312,TX
Hialeah,19498,FL
Fresno,90356,CA
Orlando,81184,FL
New York,69818,NY
Miami,47521,FL
Syracuse,60501,NY
Orlando,20550,FL
Houston,23506,TX
Buffalo,78719,NY
El Paso,91074,TX
Syracuse,12937,NY
Philadelphia,39188,PA
Fort Worth,93997,TX
Fort Worth,89322,TX
New Rochelle,76117,NY
Hialeah,92849,FL
Allentown,82851,PA
Hialeah,36095,FL
Allentown,85783,PA
El Paso,74749,TX
Houston,11778,TX
El Paso,89572,TX
Miami,30328,FL
Philadelphia,54135,PA
Yonkers,86517,NY
Miami,38464,FL
New York,62922,NY
San Jose,96755,CA
New York,62667,NY
Houston,38149,TX
Fresno,84159,CA
Syracuse,23190,NY
Miami,5724,FL
Rochester,51540,NY
Rochester,75808,NY
San Antonio,32825,TX
New Rochelle,16978,NY
Syracuse,61878,NY
Dallas,87777,TX
Utica,99743,NY
St. Petersburg,14289,FL
Philadelphia,46094,PA
Tampa,79604,FL
New Rochelle,21786,NY
Philadelphia,33638,PA
Mount Vernon,75868,NY
Los Angeles,1160,CA
Allentown,39280,PA
Miami,86805,FL
San Antonio,54083,TX
Fort Worth,82383,TX
New York,80683,NY
Mount Vernon,68480,NY
Los Angeles,60078,CA
New Rochelle,36639,NY
Syracuse,31413,NY
Fort Worth,22799,TX
Albany,63482,NY
San Antonio,7079,TX
Hialeah,95364,FL
Syracuse,19834,NY
Albany,12220,NY
Syracuse,16989,NY
Tallahassee,67456,FL
San Jose,21507,CA
Tampa,83915,FL
Austin,91263,TX
San Diego,14265,CA
Pittsburgh,48715,PA
Fresno,2142,CA
Fresno,4408,CA
Fort Worth,23358,TX
Jacksonville,57286,FL
Allentown,96992,PA
Mount Vernon,51836,NY
Mount Vernon,62954,NY
Albany,33136,NY
Fort Worth,63790,TX
Rochester,33157,NY
San Jose,43927,CA
San Jose,818,CA
Jacksonville,26779,FL
Yonkers,78077,NY
Yonkers,13861,NY
Rochester,86031,NY
Austin,96266,TX
Houston,82383,TX
Los Angeles,11955,CA
Jacksonville,84081,FL
Mount Vernon,19735,NY
Allentown,82602,PA
Rochester,690,NY
Hialeah,83564,FL
Albany,20723,NY
Jacksonville,5685,FL
Utica,27210,NY
Yonkers,53574,NY
Los Angeles,15852,CA
San Francisco,77621,CA
Jacksonville,50971,FL
St. Petersburg,95903,FL
New Rochelle,52851,NY
Dallas,41469,TX
Albany,98307,NY
Austin,1930,TX
Tampa,58418,FL
St. Petersburg,21814,FL
San Diego,16782,CA
Syracuse,27613,NY
St. Petersburg,64134,FL
San Antonio,16923,TX
San Jose,65460,CA
New Rochelle,18047,NY
Allentown,23205,PA
San Jose,94988,CA
Mount Vernon,64213,NY
Austin,78722,TX
Orlando,49977,FL
San Jose,8732,CA
Houston,4747,TX
Tampa,93226,FL
Hialeah,47789,FL
Buffalo,2477,NY
Fort Worth,97715,TX
Mount Vernon,22328,NY
Jacksonville,55210,FL
San Francisco,75558,CA
San Francisco,59783,CA
Rochester,13584,NY
El Paso,80558,TX
Mount Vernon,25075,NY
Miami,67079,FL
Houston,60601,TX
Houston,32232,TX
Tallahassee,99372,FL
Jacksonville,97414,FL
Houston,7465,TX
Mount Vernon,3741,NY
Houston,8594,TX
Los Angeles,18174,CA
Los Angeles,14450,CA
Pittsburgh,96859,PA
Utica,34240,NY
Philadelphia,11067,PA
New York,61834,NY
Yonkers,54895,NY
Dallas,15662,TX
Dallas,83991,TX
Buffalo,69970,NY
Jacksonville,55046,FL
Albany,21406,NY
Dallas,16049,TX
Dallas,93439,TX
El Paso,74517,TX
San Antonio,95806,TX
Syracuse,98165,NY
Rochester,29289,NY
Tallahassee,45844,FL
Fresno,83042,CA
Miami,82188,FL
Fort Worth,67973,TX
Los Angeles,32007,CA
El Paso,83308,TX
Austin,72977,TX
St. Petersburg,23071,FL
Dallas,72741,TX
St. Petersburg,59632,FL
Fresno,95228,CA
El Paso,48806,TX
Austin,5332,TX
Philadelphia,28404,PA
Hialeah,39917,FL
Fresno,19015,CA
Miami,68739,FL
San Francisco,16890,CA
San Diego,12937,CA
Buffalo,93735,NY
Dallas,14011,TX
Orlando,94325,FL
Hialeah,71434,FL
Fresno,8653,CA
San Jose,13574,CA
El Paso,21987,TX
Rochester,36552,NY
Austin,1936,TX
Mount Vernon,24877,NY
Los Angeles,40420,CA
San Antonio,96116,TX
San Francisco,17357,CA
Syracuse,92284,NY
Rochester,1070,NY
Miami,29627,FL
Buffalo,98625,NY
Miami,23424,FL
Yonkers,91375,NY
New York,16695,NY
San Jose,36017,CA
Jacksonville,40087,FL
El Paso,14990,TX
San Antonio,96221,TX
San Antonio,97821,TX
El Paso,21726,TX
St. Petersburg,60457,FL
Dallas,32734,TX
El Paso,24955,TX
Albany,88517,NY
San Jose,66372,CA
Yonkers,65762,NY
Rochester,43483,NY
Tampa,21684,FL
Buffalo,70599,NY
Fort Worth,58225,TX
Allentown,19011,PA
New York,75804,NY
Tampa,25987,FL
Los Angeles,73785,CA
Miami,62911,FL
Dallas,28148,TX
San Antonio,14953,TX
Tampa,52524,FL
New Rochelle,71274,NY
Syracuse,10656,NY
Los Angeles,8627,CA
Orlando,59008,FL
Fort Worth,93365,TX
New Rochelle,66030,NY
Miami,74787,FL
Utica,32703,NY
Yonkers,97584,NY
San Diego,77615,CA
Fort Worth,38134,TX
Hialeah,56785,FL
Miami,67616,FL
Orlando,40312,FL
Fresno,14838,CA
Fort Worth,17387,TX
Los Angeles,74815,CA
St. Petersburg,27627,FL
Orlando,95941,FL
Syracuse,46100,NY
Houston,15920,TX
Buffalo,93097,NY
Orlando,10161,FL
New York,88641,NY
Fresno,40831,CA
San Jose,63698,CA
El Paso,46147,TX
Pittsburgh,1730,PA
Orlando,92572,FL
Tallahassee,98344,FL
Miami,7566,FL
Buffalo,61732,NY
San Antonio,77977,TX
Tallahassee,48045,FL
Dallas,3056,TX
Fort Worth,84757,TX
Fresno,14546,CA
Jacksonville,65013,FL
Allentown,80552,PA
New York,20175,NY
Orlando,53594,FL
San Diego,4245,CA
Houston,94984,TX
New Rochelle,47903,NY
San Jose,8303,CA
Tallahassee,46528,FL
New Rochelle,84470,NY
San Jose,69202,CA
Yonkers,64373,NY
Tampa,56947,FL
Allentown,79386,PA
Tallahassee,22667,FL
Yonkers,24782,NY
Tampa,91536,FL
Philadelphia,36674,PA
New Rochelle,11615,NY
Tallahassee,18512,FL
Buffalo,94637,NY
Fresno,27225,CA
Miami,12523,FL
Philadelphia,92000,PA
Syracuse,99779,NY
Hialeah,87508,FL
Allentown,58450,PA
Houston,16286,TX
Philadelphia,46465,PA
Syracuse,47074,NY
Philadelphia,35888,PA
New Rochelle,84306,NY
Albany,8363,NY
Houston,9432,TX
Austin,1874,TX
Orlando,40651,FL
Tampa,57422,FL
Tallahassee,81141,FL
Mount Vernon,44898,NY
Fort Worth,45915,TX
New Rochelle,68049,NY
San Antonio,43515,TX
El Paso,97558,TX
Tallahassee,22806,FL
New York,14668,NY
Austin,94897,TX
Hialeah,85978,FL
Dallas,97990,TX
Philadelphia,34537,PA
Tallahassee,97786,FL
Yonkers,86254,NY
Fort Worth,50013,TX
San Jose,22999,CA
Philadelphia,19308,PA
Houston,16817,TX
Orlando,83796,FL
Los Angeles,20878,CA
Los Angeles,66208,CA
Jacksonville,794,FL
Allentown,96504,PA
San Jose,20772,CA
Fresno,80790,CA
Dallas,53416,TX
San Diego,82037,CA
Jacksonville,95050,FL
El Paso,43456,TX
El Paso,70795,TX
Los Angeles,88145,CA
Dallas,36412,TX
Los Angeles,72557,CA
Dallas,34236,TX
Fort Worth,98668,TX
Philadelphia,13775,PA
Austin,9962,TX
Mount Vernon,55289,NY
Allentown,19179,PA
Fort Worth,28610,TX
Albany,73061,NY
Tampa,90368,FL
Tampa,15185,FL
St. Petersburg,50970,FL
Los Angeles,62706,CA
Houston,78437,TX
Dallas,23085,TX
Allentown,71211,PA
Orlando,68607,FL
Austin,26362,TX
Utica,92077,NY
Syracuse,56266,NY
Orlando,66841,FL
Fort Worth,24478,TX
Rochester,86073,NY
Los Angeles,28655,CA
Mount Vernon,60550,NY
Philadelphia,10377,PA
Houston,17423,TX
Yonkers,72550,NY
Mount Vernon,87514,NY
St. Petersburg,71348,FL
St. Petersburg,1077,FL
El Paso,42749,TX
Utica,3681,NY
San Francisco,15329,CA
Mount Vernon,93710,NY
Tallahassee,35599,FL
Jacksonville,39872,FL
Dallas,94598,TX
Buffalo,16041,NY
Rochester,53213,NY
Pittsburgh,78688,PA
Mount Vernon,61793,NY
Hialeah,73073,FL
Philadelphia,97351,PA
Mount Vernon,62871,NY
Houston,38513,TX
Hialeah,87805,FL
San Diego,7264,CA
Tallahassee,43518,FL
San Diego,46380,CA
Hialeah,49873,FL
Houston,14256,TX
Fort Worth,97480,TX
Buffalo,81390,NY
Jacksonville,24434,FL
Orlando,49846,FL
Albany,69769,NY
Orlando,49947,FL
Miami,70622,FL
Buffalo,43564,NY
Fort Worth,94716,TX
Pittsburgh,80421,PA
New Rochelle,8386,NY
Pittsburgh,53543,PA
Los Angeles,32145,CA
New York,65508,NY
Fort Worth,3973,TX
Tallahassee,58024,FL
Pittsburgh,21420,PA
Austin,92255,TX
Los Angeles,70505,CA
Jacksonville,74564,FL
Miami,33134,FL
San Jose,4528,CA
Philadelphia,21625,PA
Allentown,18790,PA
Fort Worth,48746,TX
El Paso,30875,TX
Houston,70452,TX
Philadelphia,45147,PA
Pittsburgh,72159,PA
Mount Vernon,22727,NY
San Jose,63863,CA
San Antonio,95698,TX
St. Petersburg,99440,FL
New Rochelle,55001,NY
Tampa,68346,FL
Los Angeles,35894,CA
New Rochelle,33366,NY
Yonkers,70068,NY
Pittsburgh,39768,PA
Hialeah,99407,FL
Los Angeles,25685,CA
Syracuse,68817,NY
Hialeah,36709,FL
Mount Vernon,28726,NY
Allentown,82690,PA
Fort Worth,46646,TX
San Antonio,29831,TX
Tampa,79957,FL
Fort Worth,64275,TX
San Jose,40614,CA
Rochester,99356,NY
Jacksonville,68905,FL
Fresno,5352,CA
El Paso,58589,TX
Austin,19554,TX
New Rochelle,55591,NY
Tampa,83103,FL
Orlando,30298,FL
Austin,33144,TX
Jacksonville,88850,FL
Tampa,76100,FL
Philadelphia,46734,PA
Rochester,2642,NY
Syracuse,40743,NY
Buffalo,87840,NY
Dallas,73014,TX
Tampa,60496,FL
San Diego,98465,CA
Philadelphia,80239,PA
Hialeah,25430,FL
Pittsburgh,58613,PA
Fort Worth,90932,TX
Allentown,1971,PA
New York,89630,NY
Jacksonville,68991,FL
Utica,2823,NY
Buffalo,80147,NY
Austin,43738,TX
Orlando,67746,FL
Buffalo,42079,NY
Albany,34797,NY
Fresno,5434,CA
Philadelphia,74991,PA
Orlando,8990,FL
Los Angeles,55889,CA
Philadelphia,82007,PA
Austin,52853,TX
Tallahassee,49757,FL
Dallas,56018,TX
Jacksonville,44382,FL
San Antonio,13667,TX
Jacksonville,46248,FL
Buffalo,85565,NY
St. Petersburg,64071,FL
El Paso,98101,TX
El Paso,72663,TX
Yonkers,41694,NY
Orlando,29892,FL
San Jose,72482,CA
Hialeah,95834,FL
El Paso,19380,TX
San Jose,11462,CA
Pittsburgh,21246,PA
Austin,58218,TX
Syracuse,2576,NY
Buffalo,67789,NY
Utica,34014,NY
Los Angeles,3746,CA
Hialeah,4213,FL
St. Petersburg,65995,FL
Tampa,31602,FL
Syracuse,54844,NY
Orlando,94635,FL
El Paso,97918,TX
Philadelphia,91459,PA
San Antonio,65626,TX
Dallas,31803,TX
El Paso,78438,TX
Austin,32702,TX
Fort Worth,64871,TX
Utica,69820,NY
New York,38552,NY
Allentown,81025,PA
Mount Vernon,11597,NY
Dallas,55922,TX
San Francisco,46015,CA
Rochester,36849,NY
San Jose,61090,CA
Houston,57429,TX
Dallas,91349,TX
Dallas,59831,TX
El Paso,55184,TX
New York,90771,NY
El Paso,73991,TX
Allentown,47915,PA
Buffalo,71465,NY
Albany,65005,NY
Dallas,8827,TX
San Jose,72952,CA
Rochester,11141,NY
Albany,745,NY
San Antonio,53294,TX
New York,81006,NY
Hialeah,7815,FL
El Paso,96106,TX
Utica,81160,NY
Jacksonville,59896,FL
Philadelphia,87496,PA
Jacksonville,88452,FL
Allentown,62417,PA
Houston,6361,TX
Rochester,65626,NY
Fort Worth,78829,TX
Syracuse,37037,NY
Hialeah,94868,FL
Tampa,91577,FL
Miami,12117,FL
Albany,58586,NY
Buffalo,8688,NY
Miami,64473,FL
Mount Vernon,10275,NY
New York,98800,NY
Dallas,50306,TX
Buffalo,48540,NY
Tampa,43507,FL
Orlando,67016,FL
Orlando,95504,FL
Syracuse,20939,NY
San Diego,11317,CA
San Antonio,14570,TX
San Antonio,17277,TX
Yonkers,50331,NY
Austin,97022,TX
Albany,3671,NY
Dallas,92451,TX
San Diego,16563,CA
Jacksonville,43783,FL
Hialeah,84409,FL
Mount Vernon,56707,NY
San Diego,58769,CA
Pittsburgh,86801,PA
Albany,53234,NY
New York,49748,NY
Yonkers,68457,NY
Utica,71708,NY
Houston,82094,TX
Albany,28983,NY
Rochester,45516,NY
Tallahassee,77196,FL
Syracuse,51932,NY
Utica,30121,NY
El Paso,16408,TX
El Paso,44576,TX
Miami,54319,FL
Austin,95636,TX
Hialeah,80670,FL
Tampa,16195,FL
New Rochelle,59583,NY
Albany,17010,NY
Rochester,10827,NY
Syracuse,61902,NY
Pittsburgh,79446,PA
Syracuse,5139,NY
San Francisco,2449,CA
Albany,80832,NY
Dallas,74391,TX
San Francisco,44895,CA
Tallahassee,74321,FL
Pittsburgh,3485,PA
Orlando,20826,FL
El Paso,94916,TX
Syracuse,18499,NY
San Jose,2981,CA
El Paso,24719,TX
El Paso,30062,TX
Miami,91111,FL
Pittsburgh,35944,PA
Austin,51714,TX
New Rochelle,16553,NY
Tallahassee,50927,FL
San Antonio,44257,TX
San Francisco,27619,CA
Fresno,76326,CA
Rochester,99734,NY
Mount Vernon,63578,NY
Hialeah,81313,FL
Tallahassee,34861,FL
San Francisco,96642,CA
Orlando,75071,FL
Fort Worth,69471,TX
Utica,81341,NY
Allentown,79250,PA
Miami,98834,FL
El Paso,68598,TX
Philadelphia,91230,PA
Yonkers,24937,NY
Austin,50050,TX
Fort Worth,53560,TX
Pittsburgh,44187,PA
Houston,47752,TX
El Paso,35541,TX
Fresno,57073,CA
St. Petersburg,52055,FL
Jacksonville,73634,FL
Rochester,82222,NY
Allentown,98143,PA
San Francisco,73028,CA
San Jose,15792,CA
San Diego,82470,CA
Utica,22139,NY
Rochester,71892,NY
New Rochelle,13459,NY
Utica,81598,NY
Utica,67998,NY
Jacksonville,54147,FL
Los Angeles,56279,CA
San Diego,77541,CA
San Diego,35054,CA
Austin,36726,TX
San Jose,40879,CA
Miami,94862,FL
Buffalo,69411,NY
San Diego,93236,CA
Orlando,41034,FL
Philadelphia,70246,PA
Mount Vernon,6544,NY
Syracuse,9284,NY
Tampa,23038,FL
Yonkers,86185,NY
San Jose,73219,CA
Orlando,61640,FL
Tallahassee,95121,FL
San Jose,67894,CA
St. Petersburg,21720,FL
Yonkers,10265,NY
New Rochelle,34733,NY
Los Angeles,27830,CA
Houston,68375,TX
Tampa,49229,FL
New York,18946,NY
Tampa,52841,FL
Orlando,89024,FL
Jacksonville,62520,FL
Orlando,61614,FL
Pittsburgh,80807,PA
Houston,26019,TX
Los Angeles,47595,CA
Philadelphia,20537,PA
Los Angeles,9670,CA
Rochester,7950,NY
Philadelphia,91551,PA
San Diego,54892,CA
Miami,73974,FL
Albany,88180,NY
Houston,80609,TX
Utica,81968,NY
Austin,56420,TX
Rochester,98937,NY
Jacksonville,2521,FL
Utica,57029,NY
Hialeah,9213,FL
New Rochelle,90109,NY
San Diego,25418,CA
Pittsburgh,30697,PA
Buffalo,34368,NY
Buffalo,96064,NY
Rochester,82386,NY
Rochester,83628,NY
San Diego,60136,CA
San Jose,26358,CA
San Francisco,97812,CA
Rochester,99062,NY
New Rochelle,68265,NY
Utica,60055,NY
San Francisco,93176,CA
Jacksonville,45490,FL
Yonkers,97590,NY
Austin,55109,TX
Utica,19464,NY
Allentown,21403,PA
Syracuse,2042,NY
Hialeah,98580,FL
St. Petersburg,63510,FL
Tallahassee,15188,FL
Fort Worth,80266,TX
San Antonio,59063,TX
Tampa,87809,FL
Albany,80420,NY
Fresno,70639,CA
New York,84275,NY
Rochester,81211,NY
Fort Worth,32563,TX
Allentown,11253,PA
San Jose,29741,CA
Orlando,27482,FL
Allentown,7566,PA
Allentown,44171,PA
Buffalo,96502,NY
Buffalo,42473,NY
Hialeah,94627,FL
Houston,27351,TX
Fort Worth,78508,TX
San Antonio,32392,TX
El Paso,22008,TX
Buffalo,98021,NY
San Jose,67202,CA
Fort Worth,97390,TX
San Jose,77421,CA
Hialeah,94279,FL
Hialeah,49185,FL
New York,20535,NY
Syracuse,12671,NY
Hialeah,97639,FL
Dallas,65823,TX
San Jose,19817,CA
Hialeah,37583,FL
Utica,2293,NY
Tampa,87586,FL
Houston,28845,TX
New Rochelle,9219,NY
New York,37830,NY
Los Angeles,78832,CA
Houston,40715,TX
San Antonio,54232,TX
Orlando,72270,FL
Fresno,39670,CA
Allentown,55616,PA
St. Petersburg,47032,FL
Austin,68524,TX
Jacksonville,39491,FL
Albany,24016,NY
San Antonio,90144,TX
San Jose,83247,CA
Miami,46896,FL
Austin,91302,TX
Tampa,30516,FL
Mount Vernon,31038,NY
Jacksonville,82903,FL
Fort Worth,76851,TX
Utica,3154,NY
Syracuse,41918,NY
San Jose,71711,CA
Miami,53998,FL
Tampa,12898,FL
Fresno,7222,CA
Pittsburgh,37917,PA
Tampa,23331,FL
Fort Worth,51000,TX
San Francisco,10605,CA
Tampa,64170,FL
Pittsburgh,28234,PA
Dallas,93573,TX
Jacksonville,14438,FL
St. Petersburg,96228,FL
Tampa,6170,FL
Allentown,46948,PA
Tampa,93782,FL
Rochester,4419,NY
Hialeah,99641,FL
Albany,52220,NY
Tampa,7809,FL
Orlando,58225,FL
New Rochelle,6820,NY
Fort Worth,24042,TX
Orlando,28687,FL
Tampa,86121,FL
Mount Vernon,11677,NY
Austin,38434,TX
Yonkers,7665,NY
Buffalo,83678,NY
Fresno,73670,CA
Albany,69716,NY
Dallas,11550,TX
Fresno,79992,CA
Fresno,93336,CA
Buffalo,3053,NY
Syracuse,19377,NY
Utica,8092,NY
Los Angeles,52234,CA
Dallas,79339,TX
Philadelphia,7285,PA
San Antonio,40821,TX
San Diego,58042,CA
Yonkers,82420,NY
Buffalo,61706,NY
Allentown,38071,PA
Fort Worth,30732,TX
Utica,49272,NY
Miami,34356,FL
Utica,69269,NY
San Jose,53231,CA
Mount Vernon,78576,NY
Syracuse,61466,NY
Dallas,85060,TX
Buffalo,27980,NY
Allentown,72703,PA
Syracuse,35151,NY
New York,58971,NY
Jacksonville,56272,FL
Austin,69088,TX
St. Petersburg,97177,FL
Allentown,46757,PA
Jacksonville,37392,FL
San Diego,74294,CA
San Diego,71492,CA
Buffalo,10585,NY
San Antonio,95598,TX
Philadelphia,2541,PA
Houston,93105,TX
Dallas,44430,TX
Utica,93887,NY
Houston,96625,TX
Yonkers,57406,NY
Dallas,11701,TX
Miami,68429,FL
Fresno,64452,CA
Houston,67312,TX
San Francisco,24171,CA
Los Angeles,48105,CA
Rochester,95437,NY
Allentown,25500,PA
Los Angeles,34526,CA
Miami,87814,FL
Pittsburgh,28975,PA
Austin,97060,TX
San Francisco,42323,CA
St. Petersburg,40147,FL
Los Angeles,41501,CA
Pittsburgh,90099,PA
Utica,48063,NY
Syracuse,30272,NY
New Rochelle,19891,NY
Houston,16084,TX
Albany,95255,NY
El Paso,55285,TX
Dallas,47235,TX
Fort Worth,39725,TX
Philadelphia,49155,PA
Utica,91422,NY
New Rochelle,67443,NY
Utica,47565,NY
San Jose,90647,CA
Utica,21381,NY
Pittsburgh,34246,PA
Rochester,17569,NY
Utica,15144,NY
Yonkers,72526,NY
Tallahassee,7907,FL
Syracuse,53658,NY
Pittsburgh,35484,PA
San Jose,13176,CA
Albany,43355,NY
Miami,26166,FL
Los Angeles,31225,CA
Dallas,37206,TX
Dallas,57486,TX
Dallas,51799,TX
El Paso,30303,TX
Yonkers,91570,NY
Fort Worth,93321,TX
Allentown,65723,PA
Tampa,50235,FL
Allentown,48844,PA
Syracuse,44451,NY
Tallahassee,45226,FL
Tampa,82661,FL
San Antonio,59066,TX
Orlando,88527,FL
St. Petersburg,99163,FL
San Antonio,1810,TX
Orlando,34750,FL
New York,33639,NY
Yonkers,36392,NY
New Rochelle,8554,NY
New Rochelle,44992,NY
Pittsburgh,71151,PA
Buffalo,2167,NY
Buffalo,26394,NY
Fort Worth,6264,TX
New Rochelle,84360,NY
Syracuse,53736,NY
Syracuse,3440,NY
Fort Worth,4667,TX
Buffalo,64086,NY
Jacksonville,61502,FL
Miami,69185,FL
Los Angeles,43982,CA
Fresno,57130,CA
Fresno,48322,CA
Utica,72913,NY
San Jose,32313,CA
Jacksonville,29327,FL
Los Angeles,19069,CA
Philadelphia,7066,PA
Dallas,74578,TX
Rochester,90046,NY
Miami,75190,FL
Fort Worth,20666,TX
New Rochelle,1483,NY
Orlando,30461,FL
Austin,14656,TX
Austin,54067,TX
Tallahassee,77833,FL
Utica,58491,NY
San Diego,34531,CA
Syracuse,36915,NY
Allentown,16879,PA
San Diego,34358,CA
Albany,89966,NY
Los Angeles,2147,CA
San Antonio,57504,TX
Syracuse,38250,NY
Jacksonville,59686,FL
Hialeah,65485,FL
Miami,62553,FL
Yonkers,15991,NY
Fresno,77284,CA
Allentown,85326,PA
Tallahassee,89883,FL
Dallas,69971,TX
Syracuse,31836,NY
Tampa,73903,FL
Fresno,43306,CA
Syracuse,36809,NY
Rochester,60560,NY
St. Petersburg,10351,FL
Buffalo,26127,NY
Philadelphia,28276,PA
Buffalo,11605,NY
San Francisco,25127,CA
Los Angeles,98954,CA
Houston,19495,TX
Rochester,38440,NY
Tampa,37661,FL
San Jose,53981,CA
El Paso,6117,TX
Utica,71094,NY
New York,85767,NY
San Jose,20078,CA
Austin,19847,TX
San Francisco,56174,CA
Orlando,10626,FL
Fort Worth,37613,TX
El Paso,50221,TX
Mount Vernon,50504,NY
New Rochelle,55407,NY
Buffalo,55345,NY
Miami,36754,FL
Rochester,35193,NY
San Antonio,87832,TX
Fresno,83262,CA
San Diego,25626,CA
Albany,78956,NY
Fresno,93486,CA
Tampa,40241,FL
El Paso,93879,TX
Allentown,4084,PA
Fresno,70991,CA
New Rochelle,75789,NY
Hialeah,81977,FL
Austin,37121,TX
San Diego,85757,CA
Yonkers,34283,NY
Buffalo,1718,NY
Pittsburgh,27563,PA
Miami,19832,FL
Yonkers,38386,NY
Jacksonville,82533,FL
Mount Vernon,77055,NY
San Francisco,76579,CA
Fort Worth,43660,TX
Syracuse,19440,NY
Syracuse,70696,NY
New Rochelle,25159,NY
Buffalo,10432,NY
San Diego,51635,CA
Dallas,62806,TX
Albany,67735,NY
St. Petersburg,66536,FL
St. Petersburg,46354,FL
Jacksonville,64807,FL
Tallahassee,38765,FL
Rochester,24055,NY
El Paso,15682,TX
Tallahassee,30201,FL
Pittsburgh,68971,PA
Austin,78783,TX
New York,8768,NY
New Rochelle,40289,NY
Syracuse,77495,NY
Philadelphia,43453,PA
Rochester,70195,NY
Philadelphia,4807,PA
Los Angeles,65251,CA
Austin,35478,TX
New York,38266,NY
Fort Worth,87832,TX
Orlando,46220,FL
Yonkers,41031,NY
San Jose,13591,CA
Rochester,5275,NY
Fort Worth,39144,TX
Tampa,43090,FL
Austin,27739,TX
Miami,57631,FL
Utica,62186,NY
San Antonio,12725,TX
Dallas,55934,TX
Los Angeles,72855,CA
Rochester,28883,NY
New York,3626,NY
Los Angeles,4518,CA
Mount Vernon,37807,NY
Yonkers,18158,NY
San Jose,2991,CA
San Jose,57377,CA
New York,16745,NY
Fort Worth,19254,TX
Jacksonville,95102,FL
Houston,17059,TX
Pittsburgh,36462,PA
Mount Vernon,58075,NY
Pittsburgh,14549,PA
Los Angeles,15907,CA
Jacksonville,12636,FL
Austin,20229,TX
Fresno,33703,CA
San Francisco,86323,CA
Utica,36417,NY
El Paso,27734,TX
New Rochelle,2723,NY
Fort Worth,4670,TX
Houston,12012,TX
Pittsburgh,49023,PA
Albany,7767,NY
Houston,9642,TX
Orlando,43279,FL
Houston,85143,TX
Hialeah,25857,FL
Mount Vernon,15641,NY
San Antonio,43845,TX
Albany,15133,NY
San Antonio,36865,TX
Tampa,99235,FL
Houston,95004,TX
Yonkers,33144,NY
Houston,53055,TX
Allentown,35248,PA
Rochester,45059,NY
Mount Vernon,51104,NY
San Jose,68934,CA
New Rochelle,20373,NY
Pittsburgh,94706,PA
Philadelphia,96921,PA
Miami,99798,FL
Houston,33644,TX
Philadelphia,14290,PA
Houston,67277,TX
Austin,74584,TX
Orlando,77777,FL
Orlando,94956,FL
Dallas,60247,TX
Philadelphia,13618,PA
San Antonio,82484,TX
Dallas,1090,TX
Utica,10137,NY
Fresno,27435,CA
Philadelphia,78094,PA
Philadelphia,93702,PA
Hialeah,32231,FL
Allentown,3913,PA
Tampa,74676,FL